OBJECTID,GEOID,geoname,Stusab,Countyname,State,County,Tract,BLKGRP,Low,Lowmod,Lowmoduniv,Lowmod_pct,SHAPE_Length,SHAPE_Area,Low_vs_Lowmod_pct
163647,410510001001,"Block Group 1, Census Tract 1, Multnomah County, Oregon",OR,Multnomah County,41,51,100,1,40,125,625,0.2,0.100075774776123,0.0004700729489015,65.7513258691809
163648,410510001002,"Block Group 2, Census Tract 1, Multnomah County, Oregon",OR,Multnomah County,41,51,100,2,125,160,1115,0.1435,0.0294035628252302,3.43719876328824e-05,64.82797226887138
163649,410510001003,"Block Group 3, Census Tract 1, Multnomah County, Oregon",OR,Multnomah County,41,51,100,3,160,265,710,0.3732,0.0197603451347855,2.30553598233725e-05,63.515358361774744
163650,410510001004,"Block Group 4, Census Tract 1, Multnomah County, Oregon",OR,Multnomah County,41,51,100,4,210,480,1225,0.3918,0.0235596884143417,3.46372990330091e-05,64.34745030250649
163651,410510001005,"Block Group 5, Census Tract 1, Multnomah County, Oregon",OR,Multnomah County,41,51,100,5,80,170,640,0.2656,0.0202374549025307,2.44069411394473e-05,62.21060492905153
163652,410510001006,"Block Group 6, Census Tract 1, Multnomah County, Oregon",OR,Multnomah County,41,51,100,6,220,355,775,0.4581,0.0284253465017606,4.64233366245043e-05,31.25
163653,410510001007,"Block Group 7, Census Tract 1, Multnomah County, Oregon",OR,Multnomah County,41,51,100,7,220,350,940,0.3723,0.0390905452150769,4.24435196180467e-05,46.06741573033708
163654,410510002001,"Block Group 1, Census Tract 2, Multnomah County, Oregon",OR,Multnomah County,41,51,200,1,505,680,1340,0.5075,0.0338857189062796,6.71120537474402e-05,65.7513258691809
163655,410510002002,"Block Group 2, Census Tract 2, Multnomah County, Oregon",OR,Multnomah County,41,51,200,2,670,730,2125,0.3435,0.0332161004932591,6.80659032236269e-05,64.82797226887138
163656,410510002003,"Block Group 3, Census Tract 2, Multnomah County, Oregon",OR,Multnomah County,41,51,200,3,400,585,1855,0.3154,0.0393317634774092,8.24790220750246e-05,63.515358361774744
163657,410510002004,"Block Group 4, Census Tract 2, Multnomah County, Oregon",OR,Multnomah County,41,51,200,4,340,500,1095,0.4566,0.0348798459459184,5.64677111236843e-05,64.34745030250649
163658,410510003011,"Block Group 1, Census Tract 3.01, Multnomah County, Oregon",OR,Multnomah County,41,51,301,1,460,580,1290,0.4496,0.0227362076587213,2.9957715002717e-05,65.7513258691809
163659,410510003012,"Block Group 2, Census Tract 3.01, Multnomah County, Oregon",OR,Multnomah County,41,51,301,2,140,245,600,0.4083,0.0742607574728445,0.0001707673011842,64.82797226887138
163660,410510003013,"Block Group 3, Census Tract 3.01, Multnomah County, Oregon",OR,Multnomah County,41,51,301,3,690,1055,1555,0.6785,0.028623883154781,4.94061115363142e-05,63.515358361774744
163661,410510003014,"Block Group 4, Census Tract 3.01, Multnomah County, Oregon",OR,Multnomah County,41,51,301,4,550,945,1165,0.8112,0.017630734382796,1.78435039879919e-05,64.34745030250649
163662,410510003021,"Block Group 1, Census Tract 3.02, Multnomah County, Oregon",OR,Multnomah County,41,51,302,1,110,300,1340,0.2239,0.0296659892446274,4.95244953643469e-05,65.7513258691809
163663,410510003022,"Block Group 2, Census Tract 3.02, Multnomah County, Oregon",OR,Multnomah County,41,51,302,2,185,365,1400,0.2607,0.0335319047039952,5.93002218407364e-05,64.82797226887138
163664,410510003023,"Block Group 3, Census Tract 3.02, Multnomah County, Oregon",OR,Multnomah County,41,51,302,3,50,90,615,0.1463,0.0238626795856948,3.23286337574857e-05,63.515358361774744
163665,410510003024,"Block Group 4, Census Tract 3.02, Multnomah County, Oregon",OR,Multnomah County,41,51,302,4,210,245,1505,0.1628,0.0709755750321168,0.000133005508877,64.34745030250649
163666,410510003025,"Block Group 5, Census Tract 3.02, Multnomah County, Oregon",OR,Multnomah County,41,51,302,5,115,140,995,0.1407,0.0347315483429143,4.47651085634294e-05,62.21060492905153
163667,410510003026,"Block Group 6, Census Tract 3.02, Multnomah County, Oregon",OR,Multnomah County,41,51,302,6,125,125,1055,0.1185,0.0336909290300281,5.10069641305483e-05,31.25
163668,410510004011,"Block Group 1, Census Tract 4.01, Multnomah County, Oregon",OR,Multnomah County,41,51,401,1,390,505,1340,0.3769,0.0298311562756742,4.09010952675149e-05,65.7513258691809
163669,410510004012,"Block Group 2, Census Tract 4.01, Multnomah County, Oregon",OR,Multnomah County,41,51,401,2,115,275,620,0.4435,0.0262933572380311,3.79058634309954e-05,64.82797226887138
163670,410510004013,"Block Group 3, Census Tract 4.01, Multnomah County, Oregon",OR,Multnomah County,41,51,401,3,195,355,1040,0.3413,0.0390350646299842,5.32386433120175e-05,63.515358361774744
163671,410510004014,"Block Group 4, Census Tract 4.01, Multnomah County, Oregon",OR,Multnomah County,41,51,401,4,140,170,765,0.2222,0.0201154966855439,2.40866902775889e-05,64.34745030250649
163672,410510004021,"Block Group 1, Census Tract 4.02, Multnomah County, Oregon",OR,Multnomah County,41,51,402,1,280,390,1020,0.3824,0.0294633329672675,4.72823183008592e-05,65.7513258691809
163673,410510004022,"Block Group 2, Census Tract 4.02, Multnomah County, Oregon",OR,Multnomah County,41,51,402,2,95,175,740,0.2365,0.0272806279661155,4.08455227410879e-05,64.82797226887138
163674,410510004023,"Block Group 3, Census Tract 4.02, Multnomah County, Oregon",OR,Multnomah County,41,51,402,3,170,500,1360,0.3676,0.0284527773542872,4.6602127465957e-05,63.515358361774744
163675,410510005011,"Block Group 1, Census Tract 5.01, Multnomah County, Oregon",OR,Multnomah County,41,51,501,1,325,460,675,0.6815,0.0222147524234562,2.96726272999734e-05,65.7513258691809
163676,410510005012,"Block Group 2, Census Tract 5.01, Multnomah County, Oregon",OR,Multnomah County,41,51,501,2,310,580,1110,0.5225,0.0222182344581484,3.06909311485147e-05,64.82797226887138
163677,410510005013,"Block Group 3, Census Tract 5.01, Multnomah County, Oregon",OR,Multnomah County,41,51,501,3,200,400,885,0.452,0.0247500877988005,3.71955701900181e-05,63.515358361774744
163678,410510005014,"Block Group 4, Census Tract 5.01, Multnomah County, Oregon",OR,Multnomah County,41,51,501,4,380,535,1155,0.4632,0.0234751108490678,3.22842806750065e-05,64.34745030250649
163679,410510005021,"Block Group 1, Census Tract 5.02, Multnomah County, Oregon",OR,Multnomah County,41,51,502,1,500,605,990,0.6111,0.027196993773198,4.40914392060645e-05,65.7513258691809
163680,410510005022,"Block Group 2, Census Tract 5.02, Multnomah County, Oregon",OR,Multnomah County,41,51,502,2,145,430,630,0.6825,0.01909819461182,2.17210380149852e-05,64.82797226887138
163681,410510005023,"Block Group 3, Census Tract 5.02, Multnomah County, Oregon",OR,Multnomah County,41,51,502,3,160,660,1090,0.6055,0.0278767580225863,3.11314745184983e-05,63.515358361774744
163682,410510005024,"Block Group 4, Census Tract 5.02, Multnomah County, Oregon",OR,Multnomah County,41,51,502,4,465,770,1250,0.616,0.0253992619712968,3.79434298898946e-05,64.34745030250649
163683,410510005025,"Block Group 5, Census Tract 5.02, Multnomah County, Oregon",OR,Multnomah County,41,51,502,5,285,395,840,0.4702,0.0305069980395056,3.04813921535757e-05,62.21060492905153
163684,410510006011,"Block Group 1, Census Tract 6.01, Multnomah County, Oregon",OR,Multnomah County,41,51,601,1,1115,1520,2200,0.6909,0.0401144600458702,9.31662480200208e-05,65.7513258691809
163685,410510006012,"Block Group 2, Census Tract 6.01, Multnomah County, Oregon",OR,Multnomah County,41,51,601,2,465,530,1040,0.5096,0.0227824417901098,3.11263888525354e-05,64.82797226887138
163686,410510006013,"Block Group 3, Census Tract 6.01, Multnomah County, Oregon",OR,Multnomah County,41,51,601,3,280,445,665,0.6692,0.0410098243904621,6.4402491850551e-05,63.515358361774744
163687,410510006014,"Block Group 4, Census Tract 6.01, Multnomah County, Oregon",OR,Multnomah County,41,51,601,4,510,785,1745,0.4499,0.0283157168052273,4.5316880718913e-05,64.34745030250649
163688,410510006021,"Block Group 1, Census Tract 6.02, Multnomah County, Oregon",OR,Multnomah County,41,51,602,1,500,790,1150,0.687,0.0365152228250279,4.88720845065156e-05,65.7513258691809
163689,410510006022,"Block Group 2, Census Tract 6.02, Multnomah County, Oregon",OR,Multnomah County,41,51,602,2,505,1060,2220,0.4775,0.037150015388536,7.00871787079309e-05,64.82797226887138
163690,410510006023,"Block Group 3, Census Tract 6.02, Multnomah County, Oregon",OR,Multnomah County,41,51,602,3,180,790,1270,0.622,0.0280501964300564,3.26666368220302e-05,63.515358361774744
163691,410510006024,"Block Group 4, Census Tract 6.02, Multnomah County, Oregon",OR,Multnomah County,41,51,602,4,620,920,1280,0.7188,0.028758649586803,3.92425539649802e-05,64.34745030250649
163692,410510007011,"Block Group 1, Census Tract 7.01, Multnomah County, Oregon",OR,Multnomah County,41,51,701,1,640,755,1300,0.5808,0.0332671086487117,5.01749619743999e-05,65.7513258691809
163693,410510007012,"Block Group 2, Census Tract 7.01, Multnomah County, Oregon",OR,Multnomah County,41,51,701,2,380,505,1155,0.4372,0.0304316917567452,3.84513723004766e-05,64.82797226887138
163694,410510007013,"Block Group 3, Census Tract 7.01, Multnomah County, Oregon",OR,Multnomah County,41,51,701,3,520,665,1565,0.4249,0.0327085449663867,4.44880383160894e-05,63.515358361774744
163695,410510007014,"Block Group 4, Census Tract 7.01, Multnomah County, Oregon",OR,Multnomah County,41,51,701,4,160,310,790,0.3924,0.0235735104577817,3.08620448760036e-05,64.34745030250649
163696,410510007021,"Block Group 1, Census Tract 7.02, Multnomah County, Oregon",OR,Multnomah County,41,51,702,1,285,685,995,0.6884,0.0264185172464649,4.28331767425727e-05,65.7513258691809
163697,410510007022,"Block Group 2, Census Tract 7.02, Multnomah County, Oregon",OR,Multnomah County,41,51,702,2,240,420,990,0.4242,0.0271933353206534,4.63714499357668e-05,64.82797226887138
163698,410510007023,"Block Group 3, Census Tract 7.02, Multnomah County, Oregon",OR,Multnomah County,41,51,702,3,410,705,1190,0.5924,0.0246308302650635,3.68785067225332e-05,63.515358361774744
163699,410510007024,"Block Group 4, Census Tract 7.02, Multnomah County, Oregon",OR,Multnomah County,41,51,702,4,405,815,1335,0.6105,0.0240958103876098,3.60288205380035e-05,64.34745030250649
163700,410510008011,"Block Group 1, Census Tract 8.01, Multnomah County, Oregon",OR,Multnomah County,41,51,801,1,180,480,1035,0.4638,0.0291396982482712,4.04207420075301e-05,65.7513258691809
163701,410510008012,"Block Group 2, Census Tract 8.01, Multnomah County, Oregon",OR,Multnomah County,41,51,801,2,545,685,1230,0.5569,0.0320813234519635,5.17621658846692e-05,64.82797226887138
163702,410510008013,"Block Group 3, Census Tract 8.01, Multnomah County, Oregon",OR,Multnomah County,41,51,801,3,215,330,1060,0.3113,0.0259083161962556,3.96395544389216e-05,63.515358361774744
163703,410510008014,"Block Group 4, Census Tract 8.01, Multnomah County, Oregon",OR,Multnomah County,41,51,801,4,365,455,1100,0.4136,0.02834411636005,4.76590121144992e-05,64.34745030250649
163704,410510008021,"Block Group 1, Census Tract 8.02, Multnomah County, Oregon",OR,Multnomah County,41,51,802,1,425,545,1045,0.5215,0.0260998476574919,2.80247663414088e-05,65.7513258691809
163705,410510008022,"Block Group 2, Census Tract 8.02, Multnomah County, Oregon",OR,Multnomah County,41,51,802,2,190,285,760,0.375,0.0282782342170554,2.94035254035103e-05,64.82797226887138
163706,410510008023,"Block Group 3, Census Tract 8.02, Multnomah County, Oregon",OR,Multnomah County,41,51,802,3,330,505,1245,0.4056,0.0341742998818765,4.30656932571068e-05,63.515358361774744
163707,410510008024,"Block Group 4, Census Tract 8.02, Multnomah County, Oregon",OR,Multnomah County,41,51,802,4,665,950,1540,0.6169,0.0346442279997958,5.27575326078749e-05,64.34745030250649
163708,410510009011,"Block Group 1, Census Tract 9.01, Multnomah County, Oregon",OR,Multnomah County,41,51,901,1,360,575,1260,0.4563,0.0249509786468274,3.18255445984274e-05,65.7513258691809
163709,410510009012,"Block Group 2, Census Tract 9.01, Multnomah County, Oregon",OR,Multnomah County,41,51,901,2,380,550,1030,0.534,0.0261500358661203,3.75235770879865e-05,64.82797226887138
163710,410510009013,"Block Group 3, Census Tract 9.01, Multnomah County, Oregon",OR,Multnomah County,41,51,901,3,190,315,885,0.3559,0.0240698615736915,3.1478307056033e-05,63.515358361774744
163711,410510009014,"Block Group 4, Census Tract 9.01, Multnomah County, Oregon",OR,Multnomah County,41,51,901,4,175,250,905,0.2762,0.0233280426523571,2.89404388731017e-05,64.34745030250649
163712,410510009021,"Block Group 1, Census Tract 9.02, Multnomah County, Oregon",OR,Multnomah County,41,51,902,1,975,1455,1785,0.8151,0.0278218601059967,4.72260328076897e-05,65.7513258691809
163713,410510009022,"Block Group 2, Census Tract 9.02, Multnomah County, Oregon",OR,Multnomah County,41,51,902,2,430,675,1090,0.6193,0.0286419405576904,3.68758373499516e-05,64.82797226887138
163714,410510009023,"Block Group 3, Census Tract 9.02, Multnomah County, Oregon",OR,Multnomah County,41,51,902,3,1035,1065,1490,0.7148,0.0249497758554337,3.11982076965982e-05,63.515358361774744
163715,410510010001,"Block Group 1, Census Tract 10, Multnomah County, Oregon",OR,Multnomah County,41,51,1000,1,485,685,970,0.7062,0.0219033399813941,2.87259392489007e-05,65.7513258691809
163716,410510010002,"Block Group 2, Census Tract 10, Multnomah County, Oregon",OR,Multnomah County,41,51,1000,2,435,530,1080,0.4907,0.0469461038955212,0.000114074025558,64.82797226887138
163717,410510010003,"Block Group 3, Census Tract 10, Multnomah County, Oregon",OR,Multnomah County,41,51,1000,3,440,500,1280,0.3906,0.0569041855884907,7.32283789375657e-05,63.515358361774744
163718,410510010004,"Block Group 4, Census Tract 10, Multnomah County, Oregon",OR,Multnomah County,41,51,1000,4,310,400,770,0.5195,0.0234505823526686,2.86805519855681e-05,64.34745030250649
163719,410510010005,"Block Group 5, Census Tract 10, Multnomah County, Oregon",OR,Multnomah County,41,51,1000,5,490,915,1505,0.608,0.0282118033494028,4.59171450999896e-05,62.21060492905153
163720,410510011011,"Block Group 1, Census Tract 11.01, Multnomah County, Oregon",OR,Multnomah County,41,51,1101,1,315,365,435,0.8391,0.0671194121954042,0.0001636118150423,65.7513258691809
163721,410510011012,"Block Group 2, Census Tract 11.01, Multnomah County, Oregon",OR,Multnomah County,41,51,1101,2,750,965,1435,0.6725,0.0223976789189707,2.89389309975582e-05,64.82797226887138
163722,410510011021,"Block Group 1, Census Tract 11.02, Multnomah County, Oregon",OR,Multnomah County,41,51,1102,1,455,600,1590,0.3774,0.0422850894200204,9.55329682726573e-05,65.7513258691809
163723,410510012011,"Block Group 1, Census Tract 12.01, Multnomah County, Oregon",OR,Multnomah County,41,51,1201,1,560,730,990,0.7374,0.0172354336078544,1.86738140634271e-05,65.7513258691809
163724,410510012012,"Block Group 2, Census Tract 12.01, Multnomah County, Oregon",OR,Multnomah County,41,51,1201,2,375,700,885,0.791,0.0213711055700143,2.2749579606396e-05,64.82797226887138
163725,410510012013,"Block Group 3, Census Tract 12.01, Multnomah County, Oregon",OR,Multnomah County,41,51,1201,3,415,725,1045,0.6938,0.0199940987656773,2.05230588519485e-05,63.515358361774744
163726,410510012014,"Block Group 4, Census Tract 12.01, Multnomah County, Oregon",OR,Multnomah County,41,51,1201,4,735,1270,2105,0.6033,0.0295125720387344,4.48682966239483e-05,64.34745030250649
163727,410510012021,"Block Group 1, Census Tract 12.02, Multnomah County, Oregon",OR,Multnomah County,41,51,1202,1,180,280,1185,0.2363,0.0282313781408485,3.75021196965767e-05,65.7513258691809
163728,410510012022,"Block Group 2, Census Tract 12.02, Multnomah County, Oregon",OR,Multnomah County,41,51,1202,2,175,410,1245,0.3293,0.028103653344082,3.79073613144205e-05,64.82797226887138
163729,410510012023,"Block Group 3, Census Tract 12.02, Multnomah County, Oregon",OR,Multnomah County,41,51,1202,3,200,375,1030,0.3641,0.0246094090072072,3.21307298165073e-05,63.515358361774744
163730,410510013011,"Block Group 1, Census Tract 13.01, Multnomah County, Oregon",OR,Multnomah County,41,51,1301,1,270,435,1205,0.361,0.0177768574418037,1.892788707664e-05,65.7513258691809
163731,410510013012,"Block Group 2, Census Tract 13.01, Multnomah County, Oregon",OR,Multnomah County,41,51,1301,2,185,255,565,0.4513,0.0181000356839302,1.94964810268554e-05,64.82797226887138
163732,410510013013,"Block Group 3, Census Tract 13.01, Multnomah County, Oregon",OR,Multnomah County,41,51,1301,3,180,320,965,0.3316,0.0205011932829702,2.41730184587255e-05,63.515358361774744
163733,410510013014,"Block Group 4, Census Tract 13.01, Multnomah County, Oregon",OR,Multnomah County,41,51,1301,4,525,770,1150,0.6696,0.0202961553297565,2.31797218559181e-05,64.34745030250649
163734,410510013021,"Block Group 1, Census Tract 13.02, Multnomah County, Oregon",OR,Multnomah County,41,51,1302,1,170,230,695,0.3309,0.0201283749718346,2.22461722719391e-05,65.7513258691809
163735,410510013022,"Block Group 2, Census Tract 13.02, Multnomah County, Oregon",OR,Multnomah County,41,51,1302,2,60,165,895,0.1844,0.0217447050619104,2.75720435289882e-05,64.82797226887138
163736,410510013023,"Block Group 3, Census Tract 13.02, Multnomah County, Oregon",OR,Multnomah County,41,51,1302,3,185,290,1465,0.198,0.0248334332860029,3.74549348194418e-05,63.515358361774744
163737,410510014001,"Block Group 1, Census Tract 14, Multnomah County, Oregon",OR,Multnomah County,41,51,1400,1,145,415,1130,0.3673,0.0235802224276801,2.9555028810929e-05,65.7513258691809
163738,410510014002,"Block Group 2, Census Tract 14, Multnomah County, Oregon",OR,Multnomah County,41,51,1400,2,260,400,1015,0.3941,0.0298853130434588,3.18358813939534e-05,64.82797226887138
163739,410510014003,"Block Group 3, Census Tract 14, Multnomah County, Oregon",OR,Multnomah County,41,51,1400,3,405,555,1455,0.3814,0.0292949110091507,3.70362067530655e-05,63.515358361774744
163740,410510014004,"Block Group 4, Census Tract 14, Multnomah County, Oregon",OR,Multnomah County,41,51,1400,4,205,230,655,0.3511,0.0187715918929653,2.04140113564342e-05,64.34745030250649
163741,410510014005,"Block Group 5, Census Tract 14, Multnomah County, Oregon",OR,Multnomah County,41,51,1400,5,275,405,775,0.5226,0.0186808586390545,2.11185881306058e-05,62.21060492905153
163742,410510015001,"Block Group 1, Census Tract 15, Multnomah County, Oregon",OR,Multnomah County,41,51,1500,1,155,285,1495,0.1906,0.0323612771944901,5.37490926933793e-05,65.7513258691809
163743,410510015002,"Block Group 2, Census Tract 15, Multnomah County, Oregon",OR,Multnomah County,41,51,1500,2,230,450,1135,0.3965,0.0236983220892948,3.32305072540197e-05,64.82797226887138
163744,410510015003,"Block Group 3, Census Tract 15, Multnomah County, Oregon",OR,Multnomah County,41,51,1500,3,150,165,670,0.2463,0.0205202622902727,2.59637742779287e-05,63.515358361774744
163745,410510016011,"Block Group 1, Census Tract 16.01, Multnomah County, Oregon",OR,Multnomah County,41,51,1601,1,165,205,865,0.237,0.024014442890057,3.51466094494732e-05,65.7513258691809
163746,410510016012,"Block Group 2, Census Tract 16.01, Multnomah County, Oregon",OR,Multnomah County,41,51,1601,2,280,325,635,0.5118,0.0288956304527213,3.26335397314211e-05,64.82797226887138
163747,410510016013,"Block Group 3, Census Tract 16.01, Multnomah County, Oregon",OR,Multnomah County,41,51,1601,3,620,935,1295,0.722,0.0319941534323325,5.28838737544164e-05,63.515358361774744
163748,410510016014,"Block Group 4, Census Tract 16.01, Multnomah County, Oregon",OR,Multnomah County,41,51,1601,4,70,370,870,0.4253,0.0498935161593821,0.0001369815267865,64.34745030250649
163749,410510016015,"Block Group 5, Census Tract 16.01, Multnomah County, Oregon",OR,Multnomah County,41,51,1601,5,60,100,790,0.1266,0.0350146568793451,3.75216779670179e-05,62.21060492905153
163750,410510016016,"Block Group 6, Census Tract 16.01, Multnomah County, Oregon",OR,Multnomah County,41,51,1601,6,30,375,935,0.4011,0.0420084631244099,4.38882514820889e-05,31.25
163751,410510016021,"Block Group 1, Census Tract 16.02, Multnomah County, Oregon",OR,Multnomah County,41,51,1602,1,205,375,775,0.4839,0.0329959826738195,3.90739797920193e-05,65.7513258691809
163752,410510016022,"Block Group 2, Census Tract 16.02, Multnomah County, Oregon",OR,Multnomah County,41,51,1602,2,215,435,930,0.4677,0.0421429913723062,6.22053684214904e-05,64.82797226887138
163753,410510016023,"Block Group 3, Census Tract 16.02, Multnomah County, Oregon",OR,Multnomah County,41,51,1602,3,1020,1110,1535,0.7231,0.0330873737042984,6.10164093026198e-05,63.515358361774744
163754,410510016024,"Block Group 4, Census Tract 16.02, Multnomah County, Oregon",OR,Multnomah County,41,51,1602,4,625,710,1375,0.5164,0.022302107195864,2.95614980049781e-05,64.34745030250649
163755,410510017011,"Block Group 1, Census Tract 17.01, Multnomah County, Oregon",OR,Multnomah County,41,51,1701,1,205,325,490,0.6633,0.023076373767281,2.77228993665058e-05,65.7513258691809
163756,410510017012,"Block Group 2, Census Tract 17.01, Multnomah County, Oregon",OR,Multnomah County,41,51,1701,2,235,530,1325,0.4,0.0258224960184653,4.00349005084707e-05,64.82797226887138
163757,410510017013,"Block Group 3, Census Tract 17.01, Multnomah County, Oregon",OR,Multnomah County,41,51,1701,3,495,495,770,0.6429,0.0227814240577098,2.81287445250784e-05,63.515358361774744
163758,410510017014,"Block Group 4, Census Tract 17.01, Multnomah County, Oregon",OR,Multnomah County,41,51,1701,4,80,320,700,0.4571,0.0227567944746191,2.8338590159631e-05,64.34745030250649
163759,410510017015,"Block Group 5, Census Tract 17.01, Multnomah County, Oregon",OR,Multnomah County,41,51,1701,5,190,280,1010,0.2772,0.0262612393320941,3.73324102395267e-05,62.21060492905153
163760,410510017016,"Block Group 6, Census Tract 17.01, Multnomah County, Oregon",OR,Multnomah County,41,51,1701,6,85,665,950,0.7,0.021068133485139,2.58801026126184e-05,31.25
163761,410510017017,"Block Group 7, Census Tract 17.01, Multnomah County, Oregon",OR,Multnomah County,41,51,1701,7,190,540,1320,0.4091,0.0466316234441632,4.57899186835551e-05,46.06741573033708
163762,410510017021,"Block Group 1, Census Tract 17.02, Multnomah County, Oregon",OR,Multnomah County,41,51,1702,1,945,1365,2090,0.6531,0.0464585478504293,6.69730705971002e-05,65.7513258691809
163763,410510017022,"Block Group 2, Census Tract 17.02, Multnomah County, Oregon",OR,Multnomah County,41,51,1702,2,290,425,980,0.4337,0.0317768573007046,4.44829107653796e-05,64.82797226887138
163764,410510017023,"Block Group 3, Census Tract 17.02, Multnomah County, Oregon",OR,Multnomah County,41,51,1702,3,335,655,1140,0.5746,0.0316905795087933,4.4615821841968e-05,63.515358361774744
163765,410510018011,"Block Group 1, Census Tract 18.01, Multnomah County, Oregon",OR,Multnomah County,41,51,1801,1,485,730,1110,0.6577,0.0463029128705783,3.89739647722208e-05,65.7513258691809
163766,410510018012,"Block Group 2, Census Tract 18.01, Multnomah County, Oregon",OR,Multnomah County,41,51,1801,2,510,830,1535,0.5407,0.0275573397373936,3.50230346701318e-05,64.82797226887138
163767,410510018013,"Block Group 3, Census Tract 18.01, Multnomah County, Oregon",OR,Multnomah County,41,51,1801,3,345,770,1590,0.4843,0.0393785892071148,6.06195493733281e-05,63.515358361774744
163768,410510018021,"Block Group 1, Census Tract 18.02, Multnomah County, Oregon",OR,Multnomah County,41,51,1802,1,555,970,2210,0.4389,0.0561722137720757,7.84098457420536e-05,65.7513258691809
163769,410510018022,"Block Group 2, Census Tract 18.02, Multnomah County, Oregon",OR,Multnomah County,41,51,1802,2,355,635,1345,0.4721,0.0403677421874439,4.63012063361458e-05,64.82797226887138
163770,410510019001,"Block Group 1, Census Tract 19, Multnomah County, Oregon",OR,Multnomah County,41,51,1900,1,120,380,1200,0.3167,0.0279838453473339,4.64626226179379e-05,65.7513258691809
163771,410510019002,"Block Group 2, Census Tract 19, Multnomah County, Oregon",OR,Multnomah County,41,51,1900,2,135,160,1040,0.1538,0.0254928866332518,4.05822577166044e-05,64.82797226887138
163772,410510019003,"Block Group 3, Census Tract 19, Multnomah County, Oregon",OR,Multnomah County,41,51,1900,3,70,220,1180,0.1864,0.0336092637462866,5.89029464653648e-05,63.515358361774744
163773,410510019004,"Block Group 4, Census Tract 19, Multnomah County, Oregon",OR,Multnomah County,41,51,1900,4,90,155,1255,0.1235,0.0340424971962281,6.04808641210811e-05,64.34745030250649
163774,410510020001,"Block Group 1, Census Tract 20, Multnomah County, Oregon",OR,Multnomah County,41,51,2000,1,225,405,660,0.6136,0.0447039619393321,5.3190171483455e-05,65.7513258691809
163775,410510020002,"Block Group 2, Census Tract 20, Multnomah County, Oregon",OR,Multnomah County,41,51,2000,2,205,295,815,0.362,0.0184391189696998,1.98414838046396e-05,64.82797226887138
163776,410510020003,"Block Group 3, Census Tract 20, Multnomah County, Oregon",OR,Multnomah County,41,51,2000,3,290,615,1160,0.5302,0.0227433978117727,2.70005042979665e-05,63.515358361774744
163777,410510020004,"Block Group 4, Census Tract 20, Multnomah County, Oregon",OR,Multnomah County,41,51,2000,4,460,790,1500,0.5267,0.0249969416438421,3.50161580065719e-05,64.34745030250649
163778,410510020005,"Block Group 5, Census Tract 20, Multnomah County, Oregon",OR,Multnomah County,41,51,2000,5,770,1045,1650,0.6333,0.0250566279591806,3.26616776895395e-05,62.21060492905153
163779,410510021001,"Block Group 1, Census Tract 21, Multnomah County, Oregon",OR,Multnomah County,41,51,2100,1,310,490,800,0.6125,0.0699222786652396,0.0001511938851167,65.7513258691809
163780,410510021002,"Block Group 2, Census Tract 21, Multnomah County, Oregon",OR,Multnomah County,41,51,2100,2,580,655,1170,0.5598,0.0329974506479687,4.92631136875865e-05,64.82797226887138
163781,410510022031,"Block Group 1, Census Tract 22.03, Multnomah County, Oregon",OR,Multnomah County,41,51,2203,1,325,455,635,0.7165,0.0458946824301167,8.82282087102477e-05,65.7513258691809
163782,410510022032,"Block Group 2, Census Tract 22.03, Multnomah County, Oregon",OR,Multnomah County,41,51,2203,2,165,225,545,0.4128,0.0248661077695387,2.38859063691145e-05,64.82797226887138
163783,410510022033,"Block Group 3, Census Tract 22.03, Multnomah County, Oregon",OR,Multnomah County,41,51,2203,3,235,315,985,0.3198,0.020466227069494,2.22814695719025e-05,63.515358361774744
163784,410510022034,"Block Group 4, Census Tract 22.03, Multnomah County, Oregon",OR,Multnomah County,41,51,2203,4,600,750,1145,0.655,0.0250842462584112,2.81534855690279e-05,64.34745030250649
163785,410510023031,"Block Group 1, Census Tract 23.03, Multnomah County, Oregon",OR,Multnomah County,41,51,2303,1,410,530,685,0.7737,0.0643468815662077,0.0001575999399342,65.7513258691809
163786,410510023032,"Block Group 2, Census Tract 23.03, Multnomah County, Oregon",OR,Multnomah County,41,51,2303,2,405,655,1285,0.5097,0.0486672454849699,9.51049058751449e-05,64.82797226887138
163787,410510024011,"Block Group 1, Census Tract 24.01, Multnomah County, Oregon",OR,Multnomah County,41,51,2401,1,45,150,1125,0.1333,0.0319283612175925,4.94168694870049e-05,65.7513258691809
163788,410510024012,"Block Group 2, Census Tract 24.01, Multnomah County, Oregon",OR,Multnomah County,41,51,2401,2,45,160,605,0.2645,0.0196302926281197,2.246123390103e-05,64.82797226887138
163789,410510024013,"Block Group 3, Census Tract 24.01, Multnomah County, Oregon",OR,Multnomah County,41,51,2401,3,135,405,1125,0.36,0.021503268737791,2.52189583029826e-05,63.515358361774744
163790,410510024021,"Block Group 1, Census Tract 24.02, Multnomah County, Oregon",OR,Multnomah County,41,51,2402,1,585,700,1010,0.6931,0.0196002380411424,2.20320325325623e-05,65.7513258691809
163791,410510024022,"Block Group 2, Census Tract 24.02, Multnomah County, Oregon",OR,Multnomah County,41,51,2402,2,325,430,1165,0.3691,0.0289835121999891,2.48094633379439e-05,64.82797226887138
163792,410510024023,"Block Group 3, Census Tract 24.02, Multnomah County, Oregon",OR,Multnomah County,41,51,2402,3,380,700,1380,0.5072,0.0394826570004392,5.43198077644821e-05,63.515358361774744
163793,410510025011,"Block Group 1, Census Tract 25.01, Multnomah County, Oregon",OR,Multnomah County,41,51,2501,1,60,130,740,0.1757,0.0228400970717617,2.52536283919179e-05,65.7513258691809
163794,410510025012,"Block Group 2, Census Tract 25.01, Multnomah County, Oregon",OR,Multnomah County,41,51,2501,2,25,45,810,0.0556,0.0231660197162232,2.68350498465129e-05,64.82797226887138
163795,410510025013,"Block Group 3, Census Tract 25.01, Multnomah County, Oregon",OR,Multnomah County,41,51,2501,3,80,145,1100,0.1318,0.0230580930134937,2.59716784230437e-05,63.515358361774744
163796,410510025014,"Block Group 4, Census Tract 25.01, Multnomah County, Oregon",OR,Multnomah County,41,51,2501,4,25,105,610,0.1721,0.0226325162172507,2.54578786259787e-05,64.34745030250649
163797,410510025015,"Block Group 5, Census Tract 25.01, Multnomah County, Oregon",OR,Multnomah County,41,51,2501,5,45,65,735,0.0884,0.0226326521055977,2.54736918929515e-05,62.21060492905153
163798,410510025016,"Block Group 6, Census Tract 25.01, Multnomah County, Oregon",OR,Multnomah County,41,51,2501,6,40,80,630,0.127,0.0225452463125584,2.52060664726157e-05,31.25
163799,410510025021,"Block Group 1, Census Tract 25.02, Multnomah County, Oregon",OR,Multnomah County,41,51,2502,1,70,105,910,0.1154,0.0245081627110967,3.21274802135205e-05,65.7513258691809
163800,410510025022,"Block Group 2, Census Tract 25.02, Multnomah County, Oregon",OR,Multnomah County,41,51,2502,2,340,475,885,0.5367,0.029285477132555,3.47327744023715e-05,64.82797226887138
163801,410510025023,"Block Group 3, Census Tract 25.02, Multnomah County, Oregon",OR,Multnomah County,41,51,2502,3,455,785,1305,0.6015,0.0301373784149549,2.919652512452e-05,63.515358361774744
163802,410510025024,"Block Group 4, Census Tract 25.02, Multnomah County, Oregon",OR,Multnomah County,41,51,2502,4,225,380,1100,0.3455,0.0242117564535792,3.045036701761e-05,64.34745030250649
163803,410510026001,"Block Group 1, Census Tract 26, Multnomah County, Oregon",OR,Multnomah County,41,51,2600,1,125,200,1100,0.1818,0.026673310016554,3.55877035133466e-05,65.7513258691809
163804,410510026002,"Block Group 2, Census Tract 26, Multnomah County, Oregon",OR,Multnomah County,41,51,2600,2,105,165,1150,0.1435,0.0244995353332529,2.98865573480204e-05,64.82797226887138
163805,410510026003,"Block Group 3, Census Tract 26, Multnomah County, Oregon",OR,Multnomah County,41,51,2600,3,125,190,765,0.2484,0.0301037060289919,5.18285911355012e-05,63.515358361774744
163806,410510027011,"Block Group 1, Census Tract 27.01, Multnomah County, Oregon",OR,Multnomah County,41,51,2701,1,330,430,985,0.4365,0.0295269808582794,3.3182241117568e-05,65.7513258691809
163807,410510027012,"Block Group 2, Census Tract 27.01, Multnomah County, Oregon",OR,Multnomah County,41,51,2701,2,145,300,1530,0.1961,0.0386619499430061,4.27625004405034e-05,64.82797226887138
163808,410510027013,"Block Group 3, Census Tract 27.01, Multnomah County, Oregon",OR,Multnomah County,41,51,2701,3,165,165,840,0.1964,0.028810112998618,2.92179897637778e-05,63.515358361774744
163809,410510027021,"Block Group 1, Census Tract 27.02, Multnomah County, Oregon",OR,Multnomah County,41,51,2702,1,210,455,1255,0.3625,0.0321875104898134,4.7264488232892e-05,65.7513258691809
163810,410510027022,"Block Group 2, Census Tract 27.02, Multnomah County, Oregon",OR,Multnomah County,41,51,2702,2,470,705,1680,0.4196,0.0386070431657074,5.14653040015304e-05,64.82797226887138
163811,410510028011,"Block Group 1, Census Tract 28.01, Multnomah County, Oregon",OR,Multnomah County,41,51,2801,1,250,425,1805,0.2355,0.0312799344767841,5.07743362554656e-05,65.7513258691809
163812,410510028012,"Block Group 2, Census Tract 28.01, Multnomah County, Oregon",OR,Multnomah County,41,51,2801,2,175,280,1225,0.2286,0.0338745924548643,5.48810313674615e-05,64.82797226887138
163813,410510028021,"Block Group 1, Census Tract 28.02, Multnomah County, Oregon",OR,Multnomah County,41,51,2802,1,100,190,940,0.2021,0.0278042651240192,2.72524670644436e-05,65.7513258691809
163814,410510028022,"Block Group 2, Census Tract 28.02, Multnomah County, Oregon",OR,Multnomah County,41,51,2802,2,55,140,920,0.1522,0.028390457476563,3.19959211465994e-05,64.82797226887138
163815,410510028023,"Block Group 3, Census Tract 28.02, Multnomah County, Oregon",OR,Multnomah County,41,51,2802,3,315,575,1145,0.5022,0.0329370200097296,5.39469920168652e-05,63.515358361774744
163816,410510029011,"Block Group 1, Census Tract 29.01, Multnomah County, Oregon",OR,Multnomah County,41,51,2901,1,75,410,925,0.4432,0.0236877717198304,3.16031941860589e-05,65.7513258691809
163817,410510029012,"Block Group 2, Census Tract 29.01, Multnomah County, Oregon",OR,Multnomah County,41,51,2901,2,40,140,770,0.1818,0.0252236005029631,3.78903025499694e-05,64.82797226887138
163818,410510029013,"Block Group 3, Census Tract 29.01, Multnomah County, Oregon",OR,Multnomah County,41,51,2901,3,190,395,1010,0.3911,0.0347988580112031,3.82990452089376e-05,63.515358361774744
163819,410510029014,"Block Group 4, Census Tract 29.01, Multnomah County, Oregon",OR,Multnomah County,41,51,2901,4,450,840,1745,0.4814,0.0358295292099747,6.92115794579528e-05,64.34745030250649
163820,410510029021,"Block Group 1, Census Tract 29.02, Multnomah County, Oregon",OR,Multnomah County,41,51,2902,1,150,185,850,0.2176,0.0240919057023145,3.28079919729913e-05,65.7513258691809
163821,410510029022,"Block Group 2, Census Tract 29.02, Multnomah County, Oregon",OR,Multnomah County,41,51,2902,2,325,370,635,0.5827,0.0343434871033762,3.45438553266216e-05,64.82797226887138
163822,410510029023,"Block Group 3, Census Tract 29.02, Multnomah County, Oregon",OR,Multnomah County,41,51,2902,3,425,500,1090,0.4587,0.0451820925552823,9.64775502418712e-05,63.515358361774744
163823,410510029024,"Block Group 4, Census Tract 29.02, Multnomah County, Oregon",OR,Multnomah County,41,51,2902,4,365,850,1355,0.6273,0.0498237243215893,8.66878993920901e-05,64.34745030250649
163824,410510029025,"Block Group 5, Census Tract 29.02, Multnomah County, Oregon",OR,Multnomah County,41,51,2902,5,100,195,1335,0.1461,0.0272888602942073,4.00204737734088e-05,62.21060492905153
163825,410510029031,"Block Group 1, Census Tract 29.03, Multnomah County, Oregon",OR,Multnomah County,41,51,2903,1,345,575,1330,0.4323,0.0652252435740967,0.0001725280795642,65.7513258691809
163826,410510029032,"Block Group 2, Census Tract 29.03, Multnomah County, Oregon",OR,Multnomah County,41,51,2903,2,140,310,895,0.3464,0.0456238607687249,6.30308561965384e-05,64.82797226887138
163827,410510029033,"Block Group 3, Census Tract 29.03, Multnomah County, Oregon",OR,Multnomah County,41,51,2903,3,485,640,1395,0.4588,0.027292745863158,4.17954187054589e-05,63.515358361774744
163828,410510029034,"Block Group 4, Census Tract 29.03, Multnomah County, Oregon",OR,Multnomah County,41,51,2903,4,685,950,1475,0.6441,0.0376297110453533,5.8392634142522e-05,64.34745030250649
163829,410510030001,"Block Group 1, Census Tract 30, Multnomah County, Oregon",OR,Multnomah County,41,51,3000,1,170,260,1090,0.2385,0.0294488148554045,4.58615172491474e-05,65.7513258691809
163830,410510030002,"Block Group 2, Census Tract 30, Multnomah County, Oregon",OR,Multnomah County,41,51,3000,2,375,435,1500,0.29,0.0296843768553972,4.71774760443722e-05,64.82797226887138
163831,410510030003,"Block Group 3, Census Tract 30, Multnomah County, Oregon",OR,Multnomah County,41,51,3000,3,135,250,1080,0.2315,0.031308256916217,4.95044420346503e-05,63.515358361774744
163832,410510030004,"Block Group 4, Census Tract 30, Multnomah County, Oregon",OR,Multnomah County,41,51,3000,4,55,105,905,0.116,0.0317463004488576,4.55588661300517e-05,64.34745030250649
163833,410510031001,"Block Group 1, Census Tract 31, Multnomah County, Oregon",OR,Multnomah County,41,51,3100,1,405,480,1315,0.365,0.0278124516474836,3.75609617414906e-05,65.7513258691809
163834,410510031002,"Block Group 2, Census Tract 31, Multnomah County, Oregon",OR,Multnomah County,41,51,3100,2,355,705,1535,0.4593,0.0278312563378604,3.74000612800704e-05,64.82797226887138
163835,410510031003,"Block Group 3, Census Tract 31, Multnomah County, Oregon",OR,Multnomah County,41,51,3100,3,130,155,1025,0.1512,0.0287997472638766,3.68622077385032e-05,63.515358361774744
163836,410510031004,"Block Group 4, Census Tract 31, Multnomah County, Oregon",OR,Multnomah County,41,51,3100,4,25,65,970,0.067,0.0319540668793353,3.62527518410167e-05,64.34745030250649
163837,410510032001,"Block Group 1, Census Tract 32, Multnomah County, Oregon",OR,Multnomah County,41,51,3200,1,220,265,775,0.3419,0.0248825233856921,3.18629924104569e-05,65.7513258691809
163838,410510032002,"Block Group 2, Census Tract 32, Multnomah County, Oregon",OR,Multnomah County,41,51,3200,2,430,535,1230,0.435,0.025079080668765,3.19623882166133e-05,64.82797226887138
163839,410510032003,"Block Group 3, Census Tract 32, Multnomah County, Oregon",OR,Multnomah County,41,51,3200,3,85,200,745,0.2685,0.0257262079948424,2.59935635684396e-05,63.515358361774744
163840,410510032004,"Block Group 4, Census Tract 32, Multnomah County, Oregon",OR,Multnomah County,41,51,3200,4,125,275,1170,0.235,0.0324689537888083,4.21783715735385e-05,64.34745030250649
163841,410510033011,"Block Group 1, Census Tract 33.01, Multnomah County, Oregon",OR,Multnomah County,41,51,3301,1,260,425,950,0.4474,0.0251744090114904,3.0680308179002e-05,65.7513258691809
163842,410510033012,"Block Group 2, Census Tract 33.01, Multnomah County, Oregon",OR,Multnomah County,41,51,3301,2,505,630,1265,0.498,0.0228086707999491,3.118433987192e-05,64.82797226887138
163843,410510033013,"Block Group 3, Census Tract 33.01, Multnomah County, Oregon",OR,Multnomah County,41,51,3301,3,355,615,1010,0.6089,0.0230662297280204,2.35677706445773e-05,63.515358361774744
163844,410510033021,"Block Group 1, Census Tract 33.02, Multnomah County, Oregon",OR,Multnomah County,41,51,3302,1,450,585,1295,0.4517,0.0256981760565636,3.84788642003886e-05,65.7513258691809
163845,410510033022,"Block Group 2, Census Tract 33.02, Multnomah County, Oregon",OR,Multnomah County,41,51,3302,2,585,985,1670,0.5898,0.0262196487371193,4.24763489379964e-05,64.82797226887138
163846,410510034011,"Block Group 1, Census Tract 34.01, Multnomah County, Oregon",OR,Multnomah County,41,51,3401,1,325,455,855,0.5322,0.021343460329036,2.53362513940134e-05,65.7513258691809
163847,410510034012,"Block Group 2, Census Tract 34.01, Multnomah County, Oregon",OR,Multnomah County,41,51,3401,2,215,250,795,0.3145,0.0223256288014186,2.98241793114339e-05,64.82797226887138
163848,410510034013,"Block Group 3, Census Tract 34.01, Multnomah County, Oregon",OR,Multnomah County,41,51,3401,3,30,60,490,0.1224,0.0234521999061532,2.29727894709866e-05,63.515358361774744
163849,410510034014,"Block Group 4, Census Tract 34.01, Multnomah County, Oregon",OR,Multnomah County,41,51,3401,4,740,985,1210,0.814,0.0245796849447855,3.1844871427e-05,64.34745030250649
163850,410510034021,"Block Group 1, Census Tract 34.02, Multnomah County, Oregon",OR,Multnomah County,41,51,3402,1,400,700,1355,0.5166,0.0229265655143616,3.26323126144848e-05,65.7513258691809
163851,410510034022,"Block Group 2, Census Tract 34.02, Multnomah County, Oregon",OR,Multnomah County,41,51,3402,2,335,620,860,0.7209,0.0238328380348998,2.69773191524343e-05,64.82797226887138
163852,410510034023,"Block Group 3, Census Tract 34.02, Multnomah County, Oregon",OR,Multnomah County,41,51,3402,3,670,1015,1630,0.6227,0.0240234149976812,2.94908762589721e-05,63.515358361774744
163853,410510035011,"Block Group 1, Census Tract 35.01, Multnomah County, Oregon",OR,Multnomah County,41,51,3501,1,260,365,685,0.5328,0.0202369504701109,2.33693612735479e-05,65.7513258691809
163854,410510035012,"Block Group 2, Census Tract 35.01, Multnomah County, Oregon",OR,Multnomah County,41,51,3501,2,200,355,1230,0.2886,0.0356832151614056,3.52205696326385e-05,64.82797226887138
163855,410510035013,"Block Group 3, Census Tract 35.01, Multnomah County, Oregon",OR,Multnomah County,41,51,3501,3,270,330,780,0.4231,0.0439008198264611,6.34108705218787e-05,63.515358361774744
163856,410510035014,"Block Group 4, Census Tract 35.01, Multnomah County, Oregon",OR,Multnomah County,41,51,3501,4,320,470,810,0.5802,0.0211767754322756,2.61463268095603e-05,64.34745030250649
163857,410510035021,"Block Group 1, Census Tract 35.02, Multnomah County, Oregon",OR,Multnomah County,41,51,3502,1,310,495,830,0.5964,0.0290965317372123,4.5928129164471e-05,65.7513258691809
163858,410510035022,"Block Group 2, Census Tract 35.02, Multnomah County, Oregon",OR,Multnomah County,41,51,3502,2,120,325,1325,0.2453,0.0526087297068546,9.37444976054342e-05,64.82797226887138
163859,410510036011,"Block Group 1, Census Tract 36.01, Multnomah County, Oregon",OR,Multnomah County,41,51,3601,1,235,390,785,0.4968,0.0213514590199314,2.82421494753407e-05,65.7513258691809
163860,410510036012,"Block Group 2, Census Tract 36.01, Multnomah County, Oregon",OR,Multnomah County,41,51,3601,2,395,820,1605,0.5109,0.0388292682220282,8.54658318699189e-05,64.82797226887138
163861,410510036013,"Block Group 3, Census Tract 36.01, Multnomah County, Oregon",OR,Multnomah County,41,51,3601,3,200,515,1215,0.4239,0.0297050650693344,3.94604471980047e-05,63.515358361774744
163862,410510036014,"Block Group 4, Census Tract 36.01, Multnomah County, Oregon",OR,Multnomah County,41,51,3601,4,200,385,1080,0.3565,0.02393503122594,3.5130429171056e-05,64.34745030250649
163863,410510036021,"Block Group 1, Census Tract 36.02, Multnomah County, Oregon",OR,Multnomah County,41,51,3602,1,145,335,1405,0.2384,0.0396673025375667,7.17144826356651e-05,65.7513258691809
163864,410510036022,"Block Group 2, Census Tract 36.02, Multnomah County, Oregon",OR,Multnomah County,41,51,3602,2,185,270,1085,0.2488,0.0285577800103514,5.01209360523812e-05,64.82797226887138
163865,410510036023,"Block Group 3, Census Tract 36.02, Multnomah County, Oregon",OR,Multnomah County,41,51,3602,3,265,1010,1930,0.5233,0.0308770009812401,5.93481319112017e-05,63.515358361774744
163866,410510036024,"Block Group 4, Census Tract 36.02, Multnomah County, Oregon",OR,Multnomah County,41,51,3602,4,645,910,1605,0.567,0.040111570243867,7.42098124666949e-05,64.34745030250649
163867,410510036031,"Block Group 1, Census Tract 36.03, Multnomah County, Oregon",OR,Multnomah County,41,51,3603,1,125,180,530,0.3396,0.0392664420562477,4.89159256923116e-05,65.7513258691809
163868,410510036032,"Block Group 2, Census Tract 36.03, Multnomah County, Oregon",OR,Multnomah County,41,51,3603,2,230,440,975,0.4513,0.0318335411002902,5.72706860969221e-05,64.82797226887138
163869,410510037011,"Block Group 1, Census Tract 37.01, Multnomah County, Oregon",OR,Multnomah County,41,51,3701,1,270,380,955,0.3979,0.0291935814760367,5.30550492640282e-05,65.7513258691809
163870,410510037012,"Block Group 2, Census Tract 37.01, Multnomah County, Oregon",OR,Multnomah County,41,51,3701,2,460,590,1040,0.5673,0.0237514999733701,3.31733609228539e-05,64.82797226887138
163871,410510037013,"Block Group 3, Census Tract 37.01, Multnomah County, Oregon",OR,Multnomah County,41,51,3701,3,305,475,1010,0.4703,0.0240111720046216,3.57795444898982e-05,63.515358361774744
163872,410510037014,"Block Group 4, Census Tract 37.01, Multnomah County, Oregon",OR,Multnomah County,41,51,3701,4,300,515,910,0.5659,0.0283544566956214,4.81560872261556e-05,64.34745030250649
163873,410510037021,"Block Group 1, Census Tract 37.02, Multnomah County, Oregon",OR,Multnomah County,41,51,3702,1,140,240,775,0.3097,0.0219759977046063,2.63176253083767e-05,65.7513258691809
163874,410510037022,"Block Group 2, Census Tract 37.02, Multnomah County, Oregon",OR,Multnomah County,41,51,3702,2,155,275,625,0.44,0.022121388941498,2.7266943312584e-05,64.82797226887138
163875,410510037023,"Block Group 3, Census Tract 37.02, Multnomah County, Oregon",OR,Multnomah County,41,51,3702,3,495,635,1325,0.4792,0.0267043923312083,4.42815792980345e-05,63.515358361774744
163876,410510038011,"Block Group 1, Census Tract 38.01, Multnomah County, Oregon",OR,Multnomah County,41,51,3801,1,395,680,970,0.701,0.0387970745380577,6.27522244013401e-05,65.7513258691809
163877,410510038012,"Block Group 2, Census Tract 38.01, Multnomah County, Oregon",OR,Multnomah County,41,51,3801,2,385,455,840,0.5417,0.0226457391559727,2.96130609134328e-05,64.82797226887138
163878,410510038013,"Block Group 3, Census Tract 38.01, Multnomah County, Oregon",OR,Multnomah County,41,51,3801,3,370,490,1125,0.4356,0.0299652526525517,5.02892325955176e-05,63.515358361774744
163879,410510038021,"Block Group 1, Census Tract 38.02, Multnomah County, Oregon",OR,Multnomah County,41,51,3802,1,595,670,1505,0.4452,0.0291082747709241,5.30861658729449e-05,65.7513258691809
163880,410510038022,"Block Group 2, Census Tract 38.02, Multnomah County, Oregon",OR,Multnomah County,41,51,3802,2,315,480,840,0.5714,0.0245835117660456,3.73647690720985e-05,64.82797226887138
163881,410510038023,"Block Group 3, Census Tract 38.02, Multnomah County, Oregon",OR,Multnomah County,41,51,3802,3,325,545,1090,0.5,0.0253254917041185,3.73763386955116e-05,63.515358361774744
163882,410510038031,"Block Group 1, Census Tract 38.03, Multnomah County, Oregon",OR,Multnomah County,41,51,3803,1,370,660,1450,0.4552,0.0262943072800118,4.27955216440487e-05,65.7513258691809
163883,410510038032,"Block Group 2, Census Tract 38.03, Multnomah County, Oregon",OR,Multnomah County,41,51,3803,2,470,605,1050,0.5762,0.0290251362053559,5.26222972800699e-05,64.82797226887138
163884,410510038033,"Block Group 3, Census Tract 38.03, Multnomah County, Oregon",OR,Multnomah County,41,51,3803,3,540,730,1685,0.4332,0.0273193270394482,4.64900872028344e-05,63.515358361774744
163885,410510039011,"Block Group 1, Census Tract 39.01, Multnomah County, Oregon",OR,Multnomah County,41,51,3901,1,505,695,1450,0.4793,0.0308107919936954,4.91207169805754e-05,65.7513258691809
163886,410510039012,"Block Group 2, Census Tract 39.01, Multnomah County, Oregon",OR,Multnomah County,41,51,3901,2,340,515,880,0.5852,0.023477375453965,3.21055980564642e-05,64.82797226887138
163887,410510039013,"Block Group 3, Census Tract 39.01, Multnomah County, Oregon",OR,Multnomah County,41,51,3901,3,245,545,1375,0.3964,0.0300774101875119,5.60967710964533e-05,63.515358361774744
163888,410510039014,"Block Group 4, Census Tract 39.01, Multnomah County, Oregon",OR,Multnomah County,41,51,3901,4,250,450,1405,0.3203,0.0306398585477719,5.86963218080729e-05,64.34745030250649
163889,410510039015,"Block Group 5, Census Tract 39.01, Multnomah County, Oregon",OR,Multnomah County,41,51,3901,5,945,1590,2520,0.631,0.0464567858407122,9.46595884123824e-05,62.21060492905153
163890,410510039021,"Block Group 1, Census Tract 39.02, Multnomah County, Oregon",OR,Multnomah County,41,51,3902,1,65,320,735,0.4354,0.0225675725690857,2.91440982698976e-05,65.7513258691809
163891,410510039022,"Block Group 2, Census Tract 39.02, Multnomah County, Oregon",OR,Multnomah County,41,51,3902,2,190,345,810,0.4259,0.0262196925138209,3.07725534265294e-05,64.82797226887138
163892,410510039023,"Block Group 3, Census Tract 39.02, Multnomah County, Oregon",OR,Multnomah County,41,51,3902,3,170,395,825,0.4788,0.0235621961693437,3.46049622831944e-05,63.515358361774744
163893,410510039024,"Block Group 4, Census Tract 39.02, Multnomah County, Oregon",OR,Multnomah County,41,51,3902,4,100,205,840,0.244,0.0354111046536326,3.59020185293489e-05,64.34745030250649
163894,410510040011,"Block Group 1, Census Tract 40.01, Multnomah County, Oregon",OR,Multnomah County,41,51,4001,1,2570,3215,3750,0.8573,0.0531688250650271,6.62762997159882e-05,65.7513258691809
163895,410510040012,"Block Group 2, Census Tract 40.01, Multnomah County, Oregon",OR,Multnomah County,41,51,4001,2,185,310,1000,0.31,0.0264563849111035,3.9687796825974e-05,64.82797226887138
163896,410510040013,"Block Group 3, Census Tract 40.01, Multnomah County, Oregon",OR,Multnomah County,41,51,4001,3,1075,1145,1530,0.7484,0.0292104841020662,3.6141309991131e-05,63.515358361774744
163897,410510040014,"Block Group 4, Census Tract 40.01, Multnomah County, Oregon",OR,Multnomah County,41,51,4001,4,710,1115,2150,0.5186,0.0424007448685322,6.99462595530097e-05,64.34745030250649
163898,410510040021,"Block Group 1, Census Tract 40.02, Multnomah County, Oregon",OR,Multnomah County,41,51,4002,1,380,485,1105,0.4389,0.077515445457475,0.0001450577666812,65.7513258691809
163899,410510040022,"Block Group 2, Census Tract 40.02, Multnomah County, Oregon",OR,Multnomah County,41,51,4002,2,315,420,980,0.4286,0.0254815993406354,3.64127322145148e-05,64.82797226887138
163900,410510040023,"Block Group 3, Census Tract 40.02, Multnomah County, Oregon",OR,Multnomah County,41,51,4002,3,530,700,1375,0.5091,0.0653764355156367,0.0001284172971568,63.515358361774744
163901,410510040024,"Block Group 4, Census Tract 40.02, Multnomah County, Oregon",OR,Multnomah County,41,51,4002,4,575,655,1065,0.615,0.0331020329028627,5.31967307029236e-05,64.34745030250649
163902,410510041011,"Block Group 1, Census Tract 41.01, Multnomah County, Oregon",OR,Multnomah County,41,51,4101,1,465,780,1070,0.729,0.106259925841836,0.0002655550230578,65.7513258691809
163903,410510041012,"Block Group 2, Census Tract 41.01, Multnomah County, Oregon",OR,Multnomah County,41,51,4101,2,230,670,1500,0.4467,0.0347479703301849,5.05407919005295e-05,64.82797226887138
163904,410510041013,"Block Group 3, Census Tract 41.01, Multnomah County, Oregon",OR,Multnomah County,41,51,4101,3,1045,1815,2890,0.628,0.0658428144135128,0.0001426105361973,63.515358361774744
163905,410510041014,"Block Group 4, Census Tract 41.01, Multnomah County, Oregon",OR,Multnomah County,41,51,4101,4,415,470,1145,0.4105,0.121386228455675,0.0004452415071434,64.34745030250649
163906,410510041021,"Block Group 1, Census Tract 41.02, Multnomah County, Oregon",OR,Multnomah County,41,51,4102,1,1045,1400,2005,0.6983,0.0320331353638319,5.49406592983826e-05,65.7513258691809
163907,410510041022,"Block Group 2, Census Tract 41.02, Multnomah County, Oregon",OR,Multnomah County,41,51,4102,2,250,380,1045,0.3636,0.0281443063735276,4.1605918035962e-05,64.82797226887138
163908,410510041023,"Block Group 3, Census Tract 41.02, Multnomah County, Oregon",OR,Multnomah County,41,51,4102,3,390,460,1095,0.4201,0.0455780710622252,9.73578159910313e-05,63.515358361774744
163909,410510041024,"Block Group 4, Census Tract 41.02, Multnomah County, Oregon",OR,Multnomah County,41,51,4102,4,375,715,1300,0.55,0.0303813674903551,5.58011140425266e-05,64.34745030250649
163910,410510042001,"Block Group 1, Census Tract 42, Multnomah County, Oregon",OR,Multnomah County,41,51,4200,1,525,980,1645,0.5957,0.0350909082946343,5.70652747636663e-05,65.7513258691809
163911,410510042002,"Block Group 2, Census Tract 42, Multnomah County, Oregon",OR,Multnomah County,41,51,4200,2,650,870,1700,0.5118,0.0752116673278812,0.0002098701854355,64.82797226887138
163912,410510043001,"Block Group 1, Census Tract 43, Multnomah County, Oregon",OR,Multnomah County,41,51,4300,1,125,185,1060,0.1745,0.408547629219734,0.0032564457760226,65.7513258691809
163913,410510045001,"Block Group 1, Census Tract 45, Multnomah County, Oregon",OR,Multnomah County,41,51,4500,1,495,720,2190,0.3288,0.108191727865775,0.0001960979802159,65.7513258691809
163914,410510046011,"Block Group 1, Census Tract 46.01, Multnomah County, Oregon",OR,Multnomah County,41,51,4601,1,125,290,1815,0.1598,0.0581362492381315,0.0001311439616707,65.7513258691809
163915,410510046012,"Block Group 2, Census Tract 46.01, Multnomah County, Oregon",OR,Multnomah County,41,51,4601,2,130,220,1320,0.1667,0.0714448583002554,0.0002793141617914,64.82797226887138
163916,410510046021,"Block Group 1, Census Tract 46.02, Multnomah County, Oregon",OR,Multnomah County,41,51,4602,1,180,245,1010,0.2426,0.059094714668383,5.81416494696563e-05,65.7513258691809
163917,410510046022,"Block Group 2, Census Tract 46.02, Multnomah County, Oregon",OR,Multnomah County,41,51,4602,2,55,95,965,0.0984,0.100252354666743,0.0001049916484411,64.82797226887138
163918,410510047001,"Block Group 1, Census Tract 47, Multnomah County, Oregon",OR,Multnomah County,41,51,4700,1,95,305,1440,0.2118,0.0371192396086214,3.92043889789439e-05,65.7513258691809
163919,410510047002,"Block Group 2, Census Tract 47, Multnomah County, Oregon",OR,Multnomah County,41,51,4700,2,390,710,1895,0.3747,0.0234552682816903,2.48708386844763e-05,64.82797226887138
163920,410510047003,"Block Group 3, Census Tract 47, Multnomah County, Oregon",OR,Multnomah County,41,51,4700,3,375,765,1280,0.5977,0.0185745986142515,1.71171722734382e-05,63.515358361774744
163921,410510048001,"Block Group 1, Census Tract 48, Multnomah County, Oregon",OR,Multnomah County,41,51,4800,1,470,610,1430,0.4266,0.0193040679653325,1.88084602461002e-05,65.7513258691809
163922,410510048002,"Block Group 2, Census Tract 48, Multnomah County, Oregon",OR,Multnomah County,41,51,4800,2,445,685,1090,0.6284,0.0128613551227534,9.62181914911176e-06,64.82797226887138
163923,410510048003,"Block Group 3, Census Tract 48, Multnomah County, Oregon",OR,Multnomah County,41,51,4800,3,140,185,630,0.2937,0.0109693592245917,5.78732729044439e-06,63.515358361774744
163924,410510049001,"Block Group 1, Census Tract 49, Multnomah County, Oregon",OR,Multnomah County,41,51,4900,1,490,710,1210,0.5868,0.0317119910455503,3.7649261532954e-05,65.7513258691809
163925,410510049002,"Block Group 2, Census Tract 49, Multnomah County, Oregon",OR,Multnomah County,41,51,4900,2,620,825,1080,0.7639,0.0134072684611886,1.07321944900155e-05,64.82797226887138
163926,410510049003,"Block Group 3, Census Tract 49, Multnomah County, Oregon",OR,Multnomah County,41,51,4900,3,495,640,1100,0.5818,0.0166733369690184,1.44650715120035e-05,63.515358361774744
163927,410510050001,"Block Group 1, Census Tract 50, Multnomah County, Oregon",OR,Multnomah County,41,51,5000,1,510,735,2910,0.2526,0.0504056180714095,8.54474561469818e-05,65.7513258691809
163928,410510051001,"Block Group 1, Census Tract 51, Multnomah County, Oregon",OR,Multnomah County,41,51,5100,1,860,1245,3340,0.3728,0.0392163309594241,7.53647230805354e-05,65.7513258691809
163929,410510051002,"Block Group 2, Census Tract 51, Multnomah County, Oregon",OR,Multnomah County,41,51,5100,2,1180,1380,2240,0.6161,0.0395587071236806,5.81648348296479e-05,64.82797226887138
163930,410510051003,"Block Group 3, Census Tract 51, Multnomah County, Oregon",OR,Multnomah County,41,51,5100,3,450,565,1190,0.4748,0.0228627404364697,2.98085850205587e-05,63.515358361774744
163931,410510052001,"Block Group 1, Census Tract 52, Multnomah County, Oregon",OR,Multnomah County,41,51,5200,1,420,450,775,0.5806,0.0162625128100764,1.06205982743921e-05,65.7513258691809
163932,410510052002,"Block Group 2, Census Tract 52, Multnomah County, Oregon",OR,Multnomah County,41,51,5200,2,345,545,670,0.8134,0.0222993910258678,2.84049146524983e-05,64.82797226887138
163933,410510052003,"Block Group 3, Census Tract 52, Multnomah County, Oregon",OR,Multnomah County,41,51,5200,3,390,650,1100,0.5909,0.0097130699215985,5.74045459353545e-06,63.515358361774744
163934,410510052004,"Block Group 4, Census Tract 52, Multnomah County, Oregon",OR,Multnomah County,41,51,5200,4,435,620,1730,0.3584,0.0246000398676477,2.74340072048689e-05,64.34745030250649
163935,410510055001,"Block Group 1, Census Tract 55, Multnomah County, Oregon",OR,Multnomah County,41,51,5500,1,735,880,1485,0.5926,0.0286843638867674,2.98425434564888e-05,65.7513258691809
163936,410510055002,"Block Group 2, Census Tract 55, Multnomah County, Oregon",OR,Multnomah County,41,51,5500,2,1020,1175,1400,0.8393,0.0183353682165038,1.32265567120167e-05,64.82797226887138
163937,410510056001,"Block Group 1, Census Tract 56, Multnomah County, Oregon",OR,Multnomah County,41,51,5600,1,665,960,1370,0.7007,0.010839349058458,6.94383251804076e-06,65.7513258691809
163938,410510056002,"Block Group 2, Census Tract 56, Multnomah County, Oregon",OR,Multnomah County,41,51,5600,2,340,405,470,0.8617,0.0203114271541512,1.66341469994687e-05,64.82797226887138
163939,410510056003,"Block Group 3, Census Tract 56, Multnomah County, Oregon",OR,Multnomah County,41,51,5600,3,1005,1105,1160,0.9526,0.0235293793303245,2.2686138542033e-05,63.515358361774744
163940,410510056004,"Block Group 4, Census Tract 56, Multnomah County, Oregon",OR,Multnomah County,41,51,5600,4,200,290,795,0.3648,0.0139407082587452,1.03993719414839e-05,64.34745030250649
163941,410510057001,"Block Group 1, Census Tract 57, Multnomah County, Oregon",OR,Multnomah County,41,51,5700,1,180,385,890,0.4326,0.0490078519578335,9.81427110327209e-05,65.7513258691809
163942,410510057002,"Block Group 2, Census Tract 57, Multnomah County, Oregon",OR,Multnomah County,41,51,5700,2,960,1255,2220,0.5653,0.0221979663379319,2.72224973824851e-05,64.82797226887138
163943,410510057003,"Block Group 3, Census Tract 57, Multnomah County, Oregon",OR,Multnomah County,41,51,5700,3,155,235,740,0.3176,0.0280830397255175,5.25855295684559e-05,63.515358361774744
163944,410510058001,"Block Group 1, Census Tract 58, Multnomah County, Oregon",OR,Multnomah County,41,51,5800,1,420,525,1025,0.5122,0.0434539656971538,6.33845720308623e-05,65.7513258691809
163945,410510058002,"Block Group 2, Census Tract 58, Multnomah County, Oregon",OR,Multnomah County,41,51,5800,2,290,510,1445,0.3529,0.100287854902794,0.0001478554839229,64.82797226887138
163946,410510058003,"Block Group 3, Census Tract 58, Multnomah County, Oregon",OR,Multnomah County,41,51,5800,3,115,250,540,0.463,0.0473199109611575,3.96847436146297e-05,63.515358361774744
163947,410510058004,"Block Group 4, Census Tract 58, Multnomah County, Oregon",OR,Multnomah County,41,51,5800,4,100,180,1545,0.1165,0.0789952468553951,0.0001104336123244,64.34745030250649
163948,410510058005,"Block Group 5, Census Tract 58, Multnomah County, Oregon",OR,Multnomah County,41,51,5800,5,65,175,885,0.1977,0.0577141863692369,7.61858246319496e-05,62.21060492905153
163949,410510059001,"Block Group 1, Census Tract 59, Multnomah County, Oregon",OR,Multnomah County,41,51,5900,1,655,950,3205,0.2964,0.103095477540207,0.0002184196469478,65.7513258691809
163950,410510059002,"Block Group 2, Census Tract 59, Multnomah County, Oregon",OR,Multnomah County,41,51,5900,2,265,400,1015,0.3941,0.0297901688613237,4.40989806003924e-05,64.82797226887138
163951,410510059003,"Block Group 3, Census Tract 59, Multnomah County, Oregon",OR,Multnomah County,41,51,5900,3,75,305,1170,0.2607,0.0470855528429609,5.54648594300059e-05,63.515358361774744
163952,410510059004,"Block Group 4, Census Tract 59, Multnomah County, Oregon",OR,Multnomah County,41,51,5900,4,620,850,1670,0.509,0.0637204814285307,6.33366358330933e-05,64.34745030250649
163953,410510060011,"Block Group 1, Census Tract 60.01, Multnomah County, Oregon",OR,Multnomah County,41,51,6001,1,145,265,780,0.3397,0.0861073803305899,8.17201973520122e-05,65.7513258691809
163954,410510060012,"Block Group 2, Census Tract 60.01, Multnomah County, Oregon",OR,Multnomah County,41,51,6001,2,80,110,640,0.1719,0.0753609598285756,0.0001274962773339,64.82797226887138
163955,410510060021,"Block Group 1, Census Tract 60.02, Multnomah County, Oregon",OR,Multnomah County,41,51,6002,1,395,575,2240,0.2567,0.0558925543820914,0.0001529374570776,65.7513258691809
163956,410510061001,"Block Group 1, Census Tract 61, Multnomah County, Oregon",OR,Multnomah County,41,51,6100,1,95,165,1210,0.1364,0.0780205475910095,0.0001067174314327,65.7513258691809
163957,410510061002,"Block Group 2, Census Tract 61, Multnomah County, Oregon",OR,Multnomah County,41,51,6100,2,205,325,1025,0.3171,0.0493489267790626,8.09196749263561e-05,64.82797226887138
163958,410510062001,"Block Group 1, Census Tract 62, Multnomah County, Oregon",OR,Multnomah County,41,51,6200,1,85,110,845,0.1302,0.0478782546006568,8.49170292535871e-05,65.7513258691809
163959,410510062002,"Block Group 2, Census Tract 62, Multnomah County, Oregon",OR,Multnomah County,41,51,6200,2,125,205,900,0.2278,0.0367297425226308,5.22334206471237e-05,64.82797226887138
163960,410510062003,"Block Group 3, Census Tract 62, Multnomah County, Oregon",OR,Multnomah County,41,51,6200,3,320,570,1265,0.4506,0.0470817200270549,6.68163613697542e-05,63.515358361774744
163961,410510063001,"Block Group 1, Census Tract 63, Multnomah County, Oregon",OR,Multnomah County,41,51,6300,1,180,345,1305,0.2644,0.138096816506364,0.0004608527302843,65.7513258691809
163962,410510063002,"Block Group 2, Census Tract 63, Multnomah County, Oregon",OR,Multnomah County,41,51,6300,2,35,155,1245,0.1245,0.10230890624758,0.0004125429472362,64.82797226887138
163963,410510063003,"Block Group 3, Census Tract 63, Multnomah County, Oregon",OR,Multnomah County,41,51,6300,3,380,540,1315,0.4106,0.0586231015278128,0.000126378477383,63.515358361774744
163964,410510064021,"Block Group 1, Census Tract 64.02, Multnomah County, Oregon",OR,Multnomah County,41,51,6402,1,155,310,3070,0.101,0.0728636767623211,0.000260365819452,65.7513258691809
163965,410510064022,"Block Group 2, Census Tract 64.02, Multnomah County, Oregon",OR,Multnomah County,41,51,6402,2,95,195,2775,0.0703,0.114101257190896,0.0004067306070045,64.82797226887138
163966,410510064031,"Block Group 1, Census Tract 64.03, Multnomah County, Oregon",OR,Multnomah County,41,51,6403,1,100,155,800,0.1938,0.0366824381813372,6.05275675757114e-05,65.7513258691809
163967,410510064032,"Block Group 2, Census Tract 64.03, Multnomah County, Oregon",OR,Multnomah County,41,51,6403,2,750,1160,2445,0.4744,0.0488369863748821,9.95486196704097e-05,64.82797226887138
163968,410510064033,"Block Group 3, Census Tract 64.03, Multnomah County, Oregon",OR,Multnomah County,41,51,6403,3,385,530,1010,0.5248,0.036311169760884,5.80400033618468e-05,63.515358361774744
163969,410510064041,"Block Group 1, Census Tract 64.04, Multnomah County, Oregon",OR,Multnomah County,41,51,6404,1,155,275,1585,0.1735,0.0534030677885948,0.0001130931071824,65.7513258691809
163970,410510064042,"Block Group 2, Census Tract 64.04, Multnomah County, Oregon",OR,Multnomah County,41,51,6404,2,355,605,1755,0.3447,0.0714181597419646,0.0002075330791866,64.82797226887138
163971,410510065011,"Block Group 1, Census Tract 65.01, Multnomah County, Oregon",OR,Multnomah County,41,51,6501,1,185,340,1940,0.1753,0.057050980824865,0.0001309754840421,65.7513258691809
163972,410510065012,"Block Group 2, Census Tract 65.01, Multnomah County, Oregon",OR,Multnomah County,41,51,6501,2,485,710,2105,0.3373,0.062669279698879,0.000152200293669,64.82797226887138
163973,410510065013,"Block Group 3, Census Tract 65.01, Multnomah County, Oregon",OR,Multnomah County,41,51,6501,3,400,465,2035,0.2285,0.0487496971115979,0.000134744312213,63.515358361774744
163974,410510065021,"Block Group 1, Census Tract 65.02, Multnomah County, Oregon",OR,Multnomah County,41,51,6502,1,590,1345,2810,0.4786,0.0835699721261586,0.0001260573531983,65.7513258691809
163975,410510065022,"Block Group 2, Census Tract 65.02, Multnomah County, Oregon",OR,Multnomah County,41,51,6502,2,330,935,1650,0.5667,0.0568212702142538,9.32951112823278e-05,64.82797226887138
163976,410510066011,"Block Group 1, Census Tract 66.01, Multnomah County, Oregon",OR,Multnomah County,41,51,6601,1,195,290,1445,0.2007,0.0669366769351233,0.0001194063594963,65.7513258691809
163977,410510066012,"Block Group 2, Census Tract 66.01, Multnomah County, Oregon",OR,Multnomah County,41,51,6601,2,110,130,1140,0.114,0.0445305969777168,6.1844967014585e-05,64.82797226887138
163978,410510066021,"Block Group 1, Census Tract 66.02, Multnomah County, Oregon",OR,Multnomah County,41,51,6602,1,300,435,995,0.4372,0.0529889208482917,7.23347706424576e-05,65.7513258691809
163979,410510066022,"Block Group 2, Census Tract 66.02, Multnomah County, Oregon",OR,Multnomah County,41,51,6602,2,670,1360,2495,0.5451,0.053536020271758,9.21363461055169e-05,64.82797226887138
163980,410510066023,"Block Group 3, Census Tract 66.02, Multnomah County, Oregon",OR,Multnomah County,41,51,6602,3,640,705,1965,0.3588,0.0463286500661335,0.0001271596076886,63.515358361774744
163981,410510067011,"Block Group 1, Census Tract 67.01, Multnomah County, Oregon",OR,Multnomah County,41,51,6701,1,140,195,1875,0.104,0.0512528490771197,0.000114571552407,65.7513258691809
163982,410510067012,"Block Group 2, Census Tract 67.01, Multnomah County, Oregon",OR,Multnomah County,41,51,6701,2,225,560,1350,0.4148,0.0563523914488926,9.87409676055352e-05,64.82797226887138
163983,410510067021,"Block Group 1, Census Tract 67.02, Multnomah County, Oregon",OR,Multnomah County,41,51,6702,1,845,1150,2200,0.5227,0.0659735244586819,8.59534949965154e-05,65.7513258691809
163984,410510067022,"Block Group 2, Census Tract 67.02, Multnomah County, Oregon",OR,Multnomah County,41,51,6702,2,60,95,1060,0.0896,0.0575429580782222,7.36170614240025e-05,64.82797226887138
163985,410510068011,"Block Group 1, Census Tract 68.01, Multnomah County, Oregon",OR,Multnomah County,41,51,6801,1,430,755,2490,0.3032,0.0511609980472539,0.0001636264681911,65.7513258691809
163986,410510068021,"Block Group 1, Census Tract 68.02, Multnomah County, Oregon",OR,Multnomah County,41,51,6802,1,170,240,1645,0.1459,0.0557536269308745,0.0001365077091654,65.7513258691809
163987,410510068022,"Block Group 2, Census Tract 68.02, Multnomah County, Oregon",OR,Multnomah County,41,51,6802,2,495,735,1815,0.405,0.0596869739851115,0.0001197655283739,64.82797226887138
163988,410510069001,"Block Group 1, Census Tract 69, Multnomah County, Oregon",OR,Multnomah County,41,51,6900,1,175,275,1505,0.1827,0.0966135423120774,0.0003123896720114,65.7513258691809
163989,410510069002,"Block Group 2, Census Tract 69, Multnomah County, Oregon",OR,Multnomah County,41,51,6900,2,40,125,1160,0.1078,0.0868874854226185,0.0002327765737889,64.82797226887138
163990,410510070001,"Block Group 1, Census Tract 70, Multnomah County, Oregon",OR,Multnomah County,41,51,7000,1,85,85,1195,0.0711,0.129735398859866,0.0005243482630411,65.7513258691809
163991,410510070002,"Block Group 2, Census Tract 70, Multnomah County, Oregon",OR,Multnomah County,41,51,7000,2,65,160,2325,0.0688,0.376253627151603,0.0016732249693336,64.82797226887138
163992,410510070003,"Block Group 3, Census Tract 70, Multnomah County, Oregon",OR,Multnomah County,41,51,7000,3,115,115,825,0.1394,0.22539234275228,0.0015838526540756,63.515358361774744
163993,410510070004,"Block Group 4, Census Tract 70, Multnomah County, Oregon",OR,Multnomah County,41,51,7000,4,420,600,3885,0.1544,0.0811653318537117,0.0002938758771305,64.34745030250649
163994,410510071001,"Block Group 1, Census Tract 71, Multnomah County, Oregon",OR,Multnomah County,41,51,7100,1,245,395,1555,0.254,0.455419521540169,0.0088379745266993,65.7513258691809
163995,410510071002,"Block Group 2, Census Tract 71, Multnomah County, Oregon",OR,Multnomah County,41,51,7100,2,45,180,765,0.2353,0.384659813466762,0.0077520018075611,64.82797226887138
163996,410510072011,"Block Group 1, Census Tract 72.01, Multnomah County, Oregon",OR,Multnomah County,41,51,7201,1,410,695,1100,0.6318,0.206020729953288,0.0010439335340038,65.7513258691809
163997,410510072012,"Block Group 2, Census Tract 72.01, Multnomah County, Oregon",OR,Multnomah County,41,51,7201,2,165,280,805,0.3478,0.0909673240181757,0.0003721078741228,64.82797226887138
163998,410510072021,"Block Group 1, Census Tract 72.02, Multnomah County, Oregon",OR,Multnomah County,41,51,7202,1,930,1695,3225,0.5256,0.41943731323625,0.0039395140932135,65.7513258691809
163999,410510073001,"Block Group 1, Census Tract 73, Multnomah County, Oregon",OR,Multnomah County,41,51,7300,1,290,380,515,0.7379,0.351621664744144,0.0035998850098376,65.7513258691809
164000,410510074001,"Block Group 1, Census Tract 74, Multnomah County, Oregon",OR,Multnomah County,41,51,7400,1,915,1020,1285,0.7938,0.0447119174377869,7.43628009063273e-05,65.7513258691809
164001,410510074002,"Block Group 2, Census Tract 74, Multnomah County, Oregon",OR,Multnomah County,41,51,7400,2,1370,1705,2690,0.6338,0.0410511575114108,9.31330405902292e-05,64.82797226887138
164002,410510075001,"Block Group 1, Census Tract 75, Multnomah County, Oregon",OR,Multnomah County,41,51,7500,1,845,1120,2145,0.5221,0.0412216871181937,8.66326017594151e-05,65.7513258691809
164003,410510075002,"Block Group 2, Census Tract 75, Multnomah County, Oregon",OR,Multnomah County,41,51,7500,2,305,520,940,0.5532,0.0403210324656649,8.3643231102033e-05,64.82797226887138
164004,410510075003,"Block Group 3, Census Tract 75, Multnomah County, Oregon",OR,Multnomah County,41,51,7500,3,985,1415,2430,0.5823,0.0361994946943411,7.85544684982684e-05,63.515358361774744
164005,410510076001,"Block Group 1, Census Tract 76, Multnomah County, Oregon",OR,Multnomah County,41,51,7600,1,285,500,1025,0.4878,0.0506450202082804,0.000120822635381,65.7513258691809
164006,410510076002,"Block Group 2, Census Tract 76, Multnomah County, Oregon",OR,Multnomah County,41,51,7600,2,1385,1790,2435,0.7351,0.034274771872195,6.33971936346347e-05,64.82797226887138
164007,410510077001,"Block Group 1, Census Tract 77, Multnomah County, Oregon",OR,Multnomah County,41,51,7700,1,420,680,1090,0.6239,0.0494396636867216,7.28299155294112e-05,65.7513258691809
164008,410510077002,"Block Group 2, Census Tract 77, Multnomah County, Oregon",OR,Multnomah County,41,51,7700,2,285,455,1140,0.3991,0.0417707756923821,5.38971184476035e-05,64.82797226887138
164009,410510078001,"Block Group 1, Census Tract 78, Multnomah County, Oregon",OR,Multnomah County,41,51,7800,1,495,710,805,0.882,0.0302420828586505,3.37514061872618e-05,65.7513258691809
164010,410510078002,"Block Group 2, Census Tract 78, Multnomah County, Oregon",OR,Multnomah County,41,51,7800,2,205,450,1115,0.4036,0.0760389797266611,9.52805448106663e-05,64.82797226887138
164011,410510079001,"Block Group 1, Census Tract 79, Multnomah County, Oregon",OR,Multnomah County,41,51,7900,1,575,950,1280,0.7422,0.0482114049351759,7.51137593713463e-05,65.7513258691809
164012,410510079002,"Block Group 2, Census Tract 79, Multnomah County, Oregon",OR,Multnomah County,41,51,7900,2,755,1295,3010,0.4302,0.0585522052657587,0.000157198438061,64.82797226887138
164013,410510080011,"Block Group 1, Census Tract 80.01, Multnomah County, Oregon",OR,Multnomah County,41,51,8001,1,275,670,1570,0.4268,0.0552170259804797,0.0001115681880089,65.7513258691809
164014,410510080012,"Block Group 2, Census Tract 80.01, Multnomah County, Oregon",OR,Multnomah County,41,51,8001,2,905,1270,1880,0.6755,0.0342401204968486,5.39585676375123e-05,64.82797226887138
164015,410510080021,"Block Group 1, Census Tract 80.02, Multnomah County, Oregon",OR,Multnomah County,41,51,8002,1,265,505,1785,0.2829,0.0378664766211296,8.48389186889119e-05,65.7513258691809
164016,410510080022,"Block Group 2, Census Tract 80.02, Multnomah County, Oregon",OR,Multnomah County,41,51,8002,2,530,665,1400,0.475,0.03484597697417,6.82782566480328e-05,64.82797226887138
164017,410510081001,"Block Group 1, Census Tract 81, Multnomah County, Oregon",OR,Multnomah County,41,51,8100,1,1075,1420,2805,0.5062,0.0399100431852119,8.38985212580707e-05,65.7513258691809
164018,410510081002,"Block Group 2, Census Tract 81, Multnomah County, Oregon",OR,Multnomah County,41,51,8100,2,470,800,1340,0.597,0.0475299934086135,7.36361714148226e-05,64.82797226887138
164019,410510081003,"Block Group 3, Census Tract 81, Multnomah County, Oregon",OR,Multnomah County,41,51,8100,3,1245,1640,1750,0.9371,0.0393187617768006,6.85051595744086e-05,63.515358361774744
164020,410510081004,"Block Group 4, Census Tract 81, Multnomah County, Oregon",OR,Multnomah County,41,51,8100,4,600,850,1445,0.5882,0.0420272185176902,9.73605047061554e-05,64.34745030250649
164021,410510082011,"Block Group 1, Census Tract 82.01, Multnomah County, Oregon",OR,Multnomah County,41,51,8201,1,250,490,915,0.5355,0.0572718876401166,0.0001181741579501,65.7513258691809
164022,410510082012,"Block Group 2, Census Tract 82.01, Multnomah County, Oregon",OR,Multnomah County,41,51,8201,2,400,585,1020,0.5735,0.0377822157292627,8.40814138204515e-05,64.82797226887138
164023,410510082013,"Block Group 3, Census Tract 82.01, Multnomah County, Oregon",OR,Multnomah County,41,51,8201,3,350,700,890,0.7865,0.0256720269673379,4.05441007710161e-05,63.515358361774744
164024,410510082021,"Block Group 1, Census Tract 82.02, Multnomah County, Oregon",OR,Multnomah County,41,51,8202,1,985,1735,2750,0.6309,0.053892095033516,0.0001052136539245,65.7513258691809
164025,410510082022,"Block Group 2, Census Tract 82.02, Multnomah County, Oregon",OR,Multnomah County,41,51,8202,2,910,1265,2255,0.561,0.0448032193488258,9.12194818999656e-05,64.82797226887138
164026,410510082023,"Block Group 3, Census Tract 82.02, Multnomah County, Oregon",OR,Multnomah County,41,51,8202,3,2535,3210,3995,0.8035,0.0355761851456802,7.68123422410258e-05,63.515358361774744
164027,410510083011,"Block Group 1, Census Tract 83.01, Multnomah County, Oregon",OR,Multnomah County,41,51,8301,1,1135,1480,1720,0.8605,0.0404277755827702,9.48328583500319e-05,65.7513258691809
164028,410510083012,"Block Group 2, Census Tract 83.01, Multnomah County, Oregon",OR,Multnomah County,41,51,8301,2,1395,2155,2580,0.8353,0.0421860501517173,9.18582517281821e-05,64.82797226887138
164029,410510083021,"Block Group 1, Census Tract 83.02, Multnomah County, Oregon",OR,Multnomah County,41,51,8302,1,895,1055,1655,0.6375,0.052238566290447,0.0001425009938893,65.7513258691809
164030,410510083022,"Block Group 2, Census Tract 83.02, Multnomah County, Oregon",OR,Multnomah County,41,51,8302,2,1125,1705,2535,0.6726,0.0501545092742199,0.0001152323167894,64.82797226887138
164031,410510084001,"Block Group 1, Census Tract 84, Multnomah County, Oregon",OR,Multnomah County,41,51,8400,1,825,1260,1930,0.6528,0.0353092262038261,7.52637604020904e-05,65.7513258691809
164032,410510084002,"Block Group 2, Census Tract 84, Multnomah County, Oregon",OR,Multnomah County,41,51,8400,2,1235,2100,2510,0.8367,0.0348656110598183,7.40573185419463e-05,64.82797226887138
164033,410510085001,"Block Group 1, Census Tract 85, Multnomah County, Oregon",OR,Multnomah County,41,51,8500,1,1045,1815,3000,0.605,0.0518599432032821,0.0001521412469374,65.7513258691809
164034,410510085002,"Block Group 2, Census Tract 85, Multnomah County, Oregon",OR,Multnomah County,41,51,8500,2,440,615,1065,0.5775,0.0433057634892229,0.000100726085159,64.82797226887138
164035,410510086001,"Block Group 1, Census Tract 86, Multnomah County, Oregon",OR,Multnomah County,41,51,8600,1,820,1165,1535,0.759,0.0322973481967813,6.0129925237553e-05,65.7513258691809
164036,410510086002,"Block Group 2, Census Tract 86, Multnomah County, Oregon",OR,Multnomah County,41,51,8600,2,945,1750,2600,0.6731,0.0376491077074704,8.77619153773924e-05,64.82797226887138
164037,410510087001,"Block Group 1, Census Tract 87, Multnomah County, Oregon",OR,Multnomah County,41,51,8700,1,660,1070,1765,0.6062,0.0319781851539877,6.33397420965856e-05,65.7513258691809
164038,410510087002,"Block Group 2, Census Tract 87, Multnomah County, Oregon",OR,Multnomah County,41,51,8700,2,580,830,1515,0.5479,0.0371037692993967,8.31294985337275e-05,64.82797226887138
164039,410510087003,"Block Group 3, Census Tract 87, Multnomah County, Oregon",OR,Multnomah County,41,51,8700,3,285,430,1240,0.3468,0.0292689854444461,4.6816827911003e-05,63.515358361774744
164040,410510088001,"Block Group 1, Census Tract 88, Multnomah County, Oregon",OR,Multnomah County,41,51,8800,1,715,945,1665,0.5676,0.0293330950932949,5.24258265390047e-05,65.7513258691809
164041,410510088002,"Block Group 2, Census Tract 88, Multnomah County, Oregon",OR,Multnomah County,41,51,8800,2,590,915,1540,0.5942,0.0290879048712834,5.29703688534551e-05,64.82797226887138
164042,410510088003,"Block Group 3, Census Tract 88, Multnomah County, Oregon",OR,Multnomah County,41,51,8800,3,240,400,1375,0.2909,0.0443472003496982,8.42974598633862e-05,63.515358361774744
164043,410510089011,"Block Group 1, Census Tract 89.01, Multnomah County, Oregon",OR,Multnomah County,41,51,8901,1,855,1825,5190,0.3516,0.153024357365413,0.0007121568421907,65.7513258691809
164044,410510089012,"Block Group 2, Census Tract 89.01, Multnomah County, Oregon",OR,Multnomah County,41,51,8901,2,1315,1565,2560,0.6113,0.0598460369934396,0.000160370728987,64.82797226887138
164045,410510089013,"Block Group 3, Census Tract 89.01, Multnomah County, Oregon",OR,Multnomah County,41,51,8901,3,360,635,1435,0.4425,0.083157755918335,0.0002476847143935,63.515358361774744
164046,410510089021,"Block Group 1, Census Tract 89.02, Multnomah County, Oregon",OR,Multnomah County,41,51,8902,1,570,1000,2730,0.3663,0.0662713061231389,0.0002820790874459,65.7513258691809
164047,410510089022,"Block Group 2, Census Tract 89.02, Multnomah County, Oregon",OR,Multnomah County,41,51,8902,2,640,905,995,0.9095,0.0350214271871676,6.54074037869785e-05,64.82797226887138
164048,410510090001,"Block Group 1, Census Tract 90, Multnomah County, Oregon",OR,Multnomah County,41,51,9000,1,1875,2290,3825,0.5987,0.0451673049565618,0.0001099634006002,65.7513258691809
164049,410510090002,"Block Group 2, Census Tract 90, Multnomah County, Oregon",OR,Multnomah County,41,51,9000,2,1305,1985,2695,0.7365,0.0460131439428318,0.0001177103656894,64.82797226887138
164050,410510090003,"Block Group 3, Census Tract 90, Multnomah County, Oregon",OR,Multnomah County,41,51,9000,3,1530,2865,3730,0.7681,0.0413500540934867,9.42695568708274e-05,63.515358361774744
164051,410510091011,"Block Group 1, Census Tract 91.01, Multnomah County, Oregon",OR,Multnomah County,41,51,9101,1,1620,2540,3505,0.7247,0.0443571527720425,0.000110229912791,65.7513258691809
164052,410510091012,"Block Group 2, Census Tract 91.01, Multnomah County, Oregon",OR,Multnomah County,41,51,9101,2,1260,1490,2325,0.6409,0.0387487332918314,7.29505576165649e-05,64.82797226887138
164053,410510091021,"Block Group 1, Census Tract 91.02, Multnomah County, Oregon",OR,Multnomah County,41,51,9102,1,525,580,1055,0.5498,0.0318525289090518,4.5663348185518e-05,65.7513258691809
164054,410510091022,"Block Group 2, Census Tract 91.02, Multnomah County, Oregon",OR,Multnomah County,41,51,9102,2,400,865,1935,0.447,0.0588052783960857,9.59727348219255e-05,64.82797226887138
164055,410510091023,"Block Group 3, Census Tract 91.02, Multnomah County, Oregon",OR,Multnomah County,41,51,9102,3,305,520,800,0.65,0.0368851922277027,5.22004034591483e-05,63.515358361774744
164056,410510091024,"Block Group 4, Census Tract 91.02, Multnomah County, Oregon",OR,Multnomah County,41,51,9102,4,620,1200,2215,0.5418,0.0938199078041694,0.0004103815351278,64.34745030250649
164057,410510092011,"Block Group 1, Census Tract 92.01, Multnomah County, Oregon",OR,Multnomah County,41,51,9201,1,635,985,1280,0.7695,0.0469171357961181,7.44220271769509e-05,65.7513258691809
164058,410510092012,"Block Group 2, Census Tract 92.01, Multnomah County, Oregon",OR,Multnomah County,41,51,9201,2,2175,3175,4270,0.7436,0.0629929404207302,0.0001506264776791,64.82797226887138
164059,410510092013,"Block Group 3, Census Tract 92.01, Multnomah County, Oregon",OR,Multnomah County,41,51,9201,3,670,970,2175,0.446,0.0367290030004511,8.21948778294545e-05,63.515358361774744
164060,410510092021,"Block Group 1, Census Tract 92.02, Multnomah County, Oregon",OR,Multnomah County,41,51,9202,1,875,1690,2815,0.6004,0.0375757769596911,8.80189022785119e-05,65.7513258691809
164061,410510092022,"Block Group 2, Census Tract 92.02, Multnomah County, Oregon",OR,Multnomah County,41,51,9202,2,320,475,965,0.4922,0.0343931752485872,4.93336780019672e-05,64.82797226887138
164062,410510092023,"Block Group 3, Census Tract 92.02, Multnomah County, Oregon",OR,Multnomah County,41,51,9202,3,350,685,1135,0.6035,0.0298582968630463,4.98649936214794e-05,63.515358361774744
164063,410510093011,"Block Group 1, Census Tract 93.01, Multnomah County, Oregon",OR,Multnomah County,41,51,9301,1,700,1115,2325,0.4796,0.0435479587820299,9.4063131665986e-05,65.7513258691809
164064,410510093012,"Block Group 2, Census Tract 93.01, Multnomah County, Oregon",OR,Multnomah County,41,51,9301,2,290,360,1310,0.2748,0.0367960603392932,5.93050071135092e-05,64.82797226887138
164065,410510093013,"Block Group 3, Census Tract 93.01, Multnomah County, Oregon",OR,Multnomah County,41,51,9301,3,1365,2265,3150,0.719,0.0346393814536761,4.42716708401955e-05,63.515358361774744
164066,410510093021,"Block Group 1, Census Tract 93.02, Multnomah County, Oregon",OR,Multnomah County,41,51,9302,1,945,1260,2630,0.4791,0.0787531425398691,0.0002422019035845,65.7513258691809
164067,410510093022,"Block Group 2, Census Tract 93.02, Multnomah County, Oregon",OR,Multnomah County,41,51,9302,2,355,750,1665,0.4505,0.0349858714761938,7.18205542929982e-05,64.82797226887138
164068,410510094001,"Block Group 1, Census Tract 94, Multnomah County, Oregon",OR,Multnomah County,41,51,9400,1,390,725,1385,0.5235,0.0432888104270456,7.31459718864911e-05,65.7513258691809
164069,410510094002,"Block Group 2, Census Tract 94, Multnomah County, Oregon",OR,Multnomah County,41,51,9400,2,525,560,1275,0.4392,0.0449979374496789,0.0001016413052724,64.82797226887138
164070,410510094003,"Block Group 3, Census Tract 94, Multnomah County, Oregon",OR,Multnomah County,41,51,9400,3,220,365,1155,0.316,0.0421265694311737,9.60149101446291e-05,63.515358361774744
164071,410510094004,"Block Group 4, Census Tract 94, Multnomah County, Oregon",OR,Multnomah County,41,51,9400,4,180,235,1270,0.185,0.0665297636696243,0.000106354869592,64.34745030250649
164072,410510094005,"Block Group 5, Census Tract 94, Multnomah County, Oregon",OR,Multnomah County,41,51,9400,5,745,1220,1895,0.6438,0.0354762762125024,5.75794059691033e-05,62.21060492905153
164073,410510095011,"Block Group 1, Census Tract 95.01, Multnomah County, Oregon",OR,Multnomah County,41,51,9501,1,1255,1725,3140,0.5494,0.0460528208081042,0.0001209385336013,65.7513258691809
164074,410510095012,"Block Group 2, Census Tract 95.01, Multnomah County, Oregon",OR,Multnomah County,41,51,9501,2,375,865,1610,0.5373,0.0855306853367745,9.4782515248626e-05,64.82797226887138
164075,410510095021,"Block Group 1, Census Tract 95.02, Multnomah County, Oregon",OR,Multnomah County,41,51,9502,1,170,290,1020,0.2843,0.0462166011305419,7.17302570775692e-05,65.7513258691809
164076,410510095022,"Block Group 2, Census Tract 95.02, Multnomah County, Oregon",OR,Multnomah County,41,51,9502,2,70,130,855,0.152,0.0465016586332281,4.81507427799577e-05,64.82797226887138
164077,410510095023,"Block Group 3, Census Tract 95.02, Multnomah County, Oregon",OR,Multnomah County,41,51,9502,3,1275,1565,2370,0.6603,0.0448386552263904,6.90811795177848e-05,63.515358361774744
164078,410510096031,"Block Group 1, Census Tract 96.03, Multnomah County, Oregon",OR,Multnomah County,41,51,9603,1,650,935,1905,0.4908,0.0472092271523107,0.0001269650307348,65.7513258691809
164079,410510096032,"Block Group 2, Census Tract 96.03, Multnomah County, Oregon",OR,Multnomah County,41,51,9603,2,730,1100,1885,0.5836,0.0353150294033437,7.44030894970824e-05,64.82797226887138
164080,410510096041,"Block Group 1, Census Tract 96.04, Multnomah County, Oregon",OR,Multnomah County,41,51,9604,1,985,1240,1795,0.6908,0.0628945367481712,0.0001740494740093,65.7513258691809
164081,410510096042,"Block Group 2, Census Tract 96.04, Multnomah County, Oregon",OR,Multnomah County,41,51,9604,2,2230,3000,3580,0.838,0.0378702028293615,8.47662206500619e-05,64.82797226887138
164082,410510096051,"Block Group 1, Census Tract 96.05, Multnomah County, Oregon",OR,Multnomah County,41,51,9605,1,950,1280,1815,0.7052,0.0536645225438285,0.0001512356583773,65.7513258691809
164083,410510096052,"Block Group 2, Census Tract 96.05, Multnomah County, Oregon",OR,Multnomah County,41,51,9605,2,720,1455,1800,0.8083,0.0359689531365,7.96123282285427e-05,64.82797226887138
164084,410510096053,"Block Group 3, Census Tract 96.05, Multnomah County, Oregon",OR,Multnomah County,41,51,9605,3,570,1100,1900,0.5789,0.0347102741962328,7.44707279927439e-05,63.515358361774744
164085,410510096061,"Block Group 1, Census Tract 96.06, Multnomah County, Oregon",OR,Multnomah County,41,51,9606,1,1185,1905,2805,0.6791,0.0350874961250347,7.49218587365263e-05,65.7513258691809
164086,410510096062,"Block Group 2, Census Tract 96.06, Multnomah County, Oregon",OR,Multnomah County,41,51,9606,2,1615,2045,2715,0.7532,0.0326084749213804,6.5592729095962e-05,64.82797226887138
164087,410510097011,"Block Group 1, Census Tract 97.01, Multnomah County, Oregon",OR,Multnomah County,41,51,9701,1,1495,1965,2705,0.7264,0.0445267985373133,0.0001003894722642,65.7513258691809
164088,410510097012,"Block Group 2, Census Tract 97.01, Multnomah County, Oregon",OR,Multnomah County,41,51,9701,2,390,765,1215,0.6296,0.02969839928638,4.37593607909792e-05,64.82797226887138
164089,410510097013,"Block Group 3, Census Tract 97.01, Multnomah County, Oregon",OR,Multnomah County,41,51,9701,3,825,1220,1985,0.6146,0.0388860488317707,6.56460998148973e-05,63.515358361774744
164090,410510097021,"Block Group 1, Census Tract 97.02, Multnomah County, Oregon",OR,Multnomah County,41,51,9702,1,1895,2590,3795,0.6825,0.0403503302696837,7.85106870628184e-05,65.7513258691809
164091,410510097022,"Block Group 2, Census Tract 97.02, Multnomah County, Oregon",OR,Multnomah County,41,51,9702,2,1015,1450,2070,0.7005,0.0362321828497804,8.21106301815025e-05,64.82797226887138
164092,410510097023,"Block Group 3, Census Tract 97.02, Multnomah County, Oregon",OR,Multnomah County,41,51,9702,3,460,735,1090,0.6743,0.0299252501693566,4.61492194045596e-05,63.515358361774744
164093,410510097024,"Block Group 4, Census Tract 97.02, Multnomah County, Oregon",OR,Multnomah County,41,51,9702,4,490,1030,1305,0.7893,0.0419806399184298,9.6942083268996e-05,64.34745030250649
164094,410510098011,"Block Group 1, Census Tract 98.01, Multnomah County, Oregon",OR,Multnomah County,41,51,9801,1,1460,1955,2160,0.9051,0.0551063636600034,0.000189441026508,65.7513258691809
164095,410510098012,"Block Group 2, Census Tract 98.01, Multnomah County, Oregon",OR,Multnomah County,41,51,9801,2,1055,1525,2050,0.7439,0.0447772202564428,0.0001126915964672,64.82797226887138
164096,410510098031,"Block Group 1, Census Tract 98.03, Multnomah County, Oregon",OR,Multnomah County,41,51,9803,1,335,685,1740,0.3937,0.0622416232039572,0.0002090580350785,65.7513258691809
164097,410510098032,"Block Group 2, Census Tract 98.03, Multnomah County, Oregon",OR,Multnomah County,41,51,9803,2,1110,1625,2310,0.7035,0.0292422944469545,4.6341667941013e-05,64.82797226887138
164098,410510098033,"Block Group 3, Census Tract 98.03, Multnomah County, Oregon",OR,Multnomah County,41,51,9803,3,635,1020,2120,0.4811,0.0383950018746452,9.18472846619888e-05,63.515358361774744
164099,410510098034,"Block Group 4, Census Tract 98.03, Multnomah County, Oregon",OR,Multnomah County,41,51,9803,4,1200,1290,1405,0.9181,0.0247526715107986,2.7949523108975e-05,64.34745030250649
164100,410510098041,"Block Group 1, Census Tract 98.04, Multnomah County, Oregon",OR,Multnomah County,41,51,9804,1,525,695,1385,0.5018,0.0386592170735458,6.82864950840272e-05,65.7513258691809
164101,410510098042,"Block Group 2, Census Tract 98.04, Multnomah County, Oregon",OR,Multnomah County,41,51,9804,2,750,1320,1860,0.7097,0.037887252232733,6.54592763239963e-05,64.82797226887138
164102,410510099031,"Block Group 1, Census Tract 99.03, Multnomah County, Oregon",OR,Multnomah County,41,51,9903,1,70,400,1220,0.3279,0.0361921578642244,5.71845666814632e-05,65.7513258691809
164103,410510099032,"Block Group 2, Census Tract 99.03, Multnomah County, Oregon",OR,Multnomah County,41,51,9903,2,55,295,1215,0.2428,0.125474063341198,0.0005040208451366,64.82797226887138
164104,410510099033,"Block Group 3, Census Tract 99.03, Multnomah County, Oregon",OR,Multnomah County,41,51,9903,3,75,435,2045,0.2127,0.0667299690019249,0.0002093190650929,63.515358361774744
164105,410510099034,"Block Group 4, Census Tract 99.03, Multnomah County, Oregon",OR,Multnomah County,41,51,9903,4,55,300,1370,0.219,0.0494274930330591,7.24213301304963e-05,64.34745030250649
164106,410510099041,"Block Group 1, Census Tract 99.04, Multnomah County, Oregon",OR,Multnomah County,41,51,9904,1,795,960,1710,0.5614,0.048200701486707,8.39480894743762e-05,65.7513258691809
164107,410510099042,"Block Group 2, Census Tract 99.04, Multnomah County, Oregon",OR,Multnomah County,41,51,9904,2,230,420,640,0.6563,0.0268672541329564,1.81375420344632e-05,64.82797226887138
164108,410510099043,"Block Group 3, Census Tract 99.04, Multnomah County, Oregon",OR,Multnomah County,41,51,9904,3,75,190,1105,0.1719,0.0335752425007826,4.64484435450125e-05,63.515358361774744
164109,410510099051,"Block Group 1, Census Tract 99.05, Multnomah County, Oregon",OR,Multnomah County,41,51,9905,1,115,365,1520,0.2401,0.0560747286441041,0.0001027487352281,65.7513258691809
164110,410510099052,"Block Group 2, Census Tract 99.05, Multnomah County, Oregon",OR,Multnomah County,41,51,9905,2,470,595,1660,0.3584,0.0526291092468107,7.98468203531053e-05,64.82797226887138
164111,410510099061,"Block Group 1, Census Tract 99.06, Multnomah County, Oregon",OR,Multnomah County,41,51,9906,1,455,870,2280,0.3816,0.0960651584204919,0.000299480499628,65.7513258691809
164112,410510099062,"Block Group 2, Census Tract 99.06, Multnomah County, Oregon",OR,Multnomah County,41,51,9906,2,120,185,925,0.2,0.0781632991883824,0.0002501304204064,64.82797226887138
164113,410510099071,"Block Group 1, Census Tract 99.07, Multnomah County, Oregon",OR,Multnomah County,41,51,9907,1,290,915,1315,0.6958,0.0296246681354472,3.62570753153754e-05,65.7513258691809
164114,410510099072,"Block Group 2, Census Tract 99.07, Multnomah County, Oregon",OR,Multnomah County,41,51,9907,2,285,670,975,0.6872,0.041659266963113,6.27406589875951e-05,64.82797226887138
164115,410510099073,"Block Group 3, Census Tract 99.07, Multnomah County, Oregon",OR,Multnomah County,41,51,9907,3,395,760,2740,0.2774,0.171354522429132,0.0008621707412025,63.515358361774744
164116,410510100011,"Block Group 1, Census Tract 100.01, Multnomah County, Oregon",OR,Multnomah County,41,51,10001,1,1125,1355,1750,0.7743,0.0418763907115821,7.2592655037462e-05,65.7513258691809
164117,410510100012,"Block Group 2, Census Tract 100.01, Multnomah County, Oregon",OR,Multnomah County,41,51,10001,2,755,910,1095,0.8311,0.0472380524943598,7.39378929131817e-05,64.82797226887138
164118,410510100013,"Block Group 3, Census Tract 100.01, Multnomah County, Oregon",OR,Multnomah County,41,51,10001,3,915,1610,2725,0.5908,0.0550500448275009,0.0001849869432014,63.515358361774744
164119,410510100021,"Block Group 1, Census Tract 100.02, Multnomah County, Oregon",OR,Multnomah County,41,51,10002,1,765,1645,2850,0.5772,0.0551933813545097,0.0001281989838415,65.7513258691809
164120,410510100022,"Block Group 2, Census Tract 100.02, Multnomah County, Oregon",OR,Multnomah County,41,51,10002,2,390,740,2505,0.2954,0.0392783170095781,9.44308087836187e-05,64.82797226887138
164121,410510101001,"Block Group 1, Census Tract 101, Multnomah County, Oregon",OR,Multnomah County,41,51,10100,1,285,310,665,0.4662,0.0332379624428267,3.8009891514592e-05,65.7513258691809
164122,410510101002,"Block Group 2, Census Tract 101, Multnomah County, Oregon",OR,Multnomah County,41,51,10100,2,1250,1915,4785,0.4002,0.109689865956998,0.0004160167146113,64.82797226887138
164123,410510101003,"Block Group 3, Census Tract 101, Multnomah County, Oregon",OR,Multnomah County,41,51,10100,3,1220,1660,2540,0.6535,0.0434613623566571,8.99856698770005e-05,63.515358361774744
164124,410510101004,"Block Group 4, Census Tract 101, Multnomah County, Oregon",OR,Multnomah County,41,51,10100,4,270,760,1170,0.6496,0.0314676804708299,5.41765404979734e-05,64.34745030250649
164125,410510102001,"Block Group 1, Census Tract 102, Multnomah County, Oregon",OR,Multnomah County,41,51,10200,1,285,320,1395,0.2294,0.280342744451825,0.0011199811043894,65.7513258691809
164126,410510102002,"Block Group 2, Census Tract 102, Multnomah County, Oregon",OR,Multnomah County,41,51,10200,2,1205,2030,2630,0.7719,0.138748357036671,0.0002269536699396,64.82797226887138
164127,410510102003,"Block Group 3, Census Tract 102, Multnomah County, Oregon",OR,Multnomah County,41,51,10200,3,60,310,2055,0.1509,0.390387364546568,0.0035606624063253,63.515358361774744
164128,410510103031,"Block Group 1, Census Tract 103.03, Multnomah County, Oregon",OR,Multnomah County,41,51,10303,1,890,1195,2790,0.4283,0.0834095955081573,0.0002875603123556,65.7513258691809
164129,410510103032,"Block Group 2, Census Tract 103.03, Multnomah County, Oregon",OR,Multnomah County,41,51,10303,2,770,1435,2665,0.5385,0.0900296892129531,0.0003296818322437,64.82797226887138
164130,410510103041,"Block Group 1, Census Tract 103.04, Multnomah County, Oregon",OR,Multnomah County,41,51,10304,1,1210,1900,2490,0.7631,0.0621212905312271,0.0001308538475924,65.7513258691809
164131,410510103042,"Block Group 2, Census Tract 103.04, Multnomah County, Oregon",OR,Multnomah County,41,51,10304,2,1080,1475,2090,0.7057,0.0528370250478633,0.000117065742198,64.82797226887138
164132,410510103051,"Block Group 1, Census Tract 103.05, Multnomah County, Oregon",OR,Multnomah County,41,51,10305,1,500,1055,1540,0.6851,0.0686317908629488,0.0001084468012416,65.7513258691809
164133,410510103052,"Block Group 2, Census Tract 103.05, Multnomah County, Oregon",OR,Multnomah County,41,51,10305,2,160,315,1345,0.2342,0.0756937443434891,0.0001736471775465,64.82797226887138
164134,410510103053,"Block Group 3, Census Tract 103.05, Multnomah County, Oregon",OR,Multnomah County,41,51,10305,3,180,215,1255,0.1713,0.0696191777588124,8.02671956274736e-05,63.515358361774744
164135,410510103061,"Block Group 1, Census Tract 103.06, Multnomah County, Oregon",OR,Multnomah County,41,51,10306,1,290,820,1810,0.453,0.0375608497631567,5.88068629090604e-05,65.7513258691809
164136,410510103062,"Block Group 2, Census Tract 103.06, Multnomah County, Oregon",OR,Multnomah County,41,51,10306,2,325,630,2090,0.3014,0.051398576627806,8.36332629124893e-05,64.82797226887138
164137,410510103063,"Block Group 3, Census Tract 103.06, Multnomah County, Oregon",OR,Multnomah County,41,51,10306,3,535,565,995,0.5678,0.0382229796566428,4.86421675830345e-05,63.515358361774744
164138,410510104021,"Block Group 1, Census Tract 104.02, Multnomah County, Oregon",OR,Multnomah County,41,51,10402,1,220,330,1415,0.2332,0.341619922235638,0.0027892191548823,65.7513258691809
164139,410510104022,"Block Group 2, Census Tract 104.02, Multnomah County, Oregon",OR,Multnomah County,41,51,10402,2,225,950,2710,0.3506,0.141067299399516,0.000568210400694,64.82797226887138
164140,410510104023,"Block Group 3, Census Tract 104.02, Multnomah County, Oregon",OR,Multnomah County,41,51,10402,3,265,550,2160,0.2546,0.130145339524227,0.0007741231621173,63.515358361774744
164141,410510104051,"Block Group 1, Census Tract 104.05, Multnomah County, Oregon",OR,Multnomah County,41,51,10405,1,175,515,1855,0.2776,0.0391360890289877,8.26471348691594e-05,65.7513258691809
164142,410510104052,"Block Group 2, Census Tract 104.05, Multnomah County, Oregon",OR,Multnomah County,41,51,10405,2,590,765,1110,0.6892,0.0358867554038561,5.54547201349304e-05,64.82797226887138
164143,410510104053,"Block Group 3, Census Tract 104.05, Multnomah County, Oregon",OR,Multnomah County,41,51,10405,3,460,1320,1675,0.7881,0.0320984557341926,5.45051061489695e-05,63.515358361774744
164144,410510104054,"Block Group 4, Census Tract 104.05, Multnomah County, Oregon",OR,Multnomah County,41,51,10405,4,510,600,1380,0.4348,0.0374909988585876,5.24674685080249e-05,64.34745030250649
164145,410510104071,"Block Group 1, Census Tract 104.07, Multnomah County, Oregon",OR,Multnomah County,41,51,10407,1,320,635,2370,0.2679,0.0819002324299441,0.000211183641057,65.7513258691809
164146,410510104072,"Block Group 2, Census Tract 104.07, Multnomah County, Oregon",OR,Multnomah County,41,51,10407,2,855,1285,1960,0.6556,0.0761733511697945,0.0002248073769014,64.82797226887138
164147,410510104073,"Block Group 3, Census Tract 104.07, Multnomah County, Oregon",OR,Multnomah County,41,51,10407,3,280,490,1390,0.3525,0.0405426322975811,5.37382048689399e-05,63.515358361774744
164148,410510104081,"Block Group 1, Census Tract 104.08, Multnomah County, Oregon",OR,Multnomah County,41,51,10408,1,225,400,1555,0.2572,0.0405071034179613,5.87540517309414e-05,65.7513258691809
164149,410510104082,"Block Group 2, Census Tract 104.08, Multnomah County, Oregon",OR,Multnomah County,41,51,10408,2,425,865,1760,0.4915,0.0519711170590321,0.0001517539370398,64.82797226887138
164150,410510104083,"Block Group 3, Census Tract 104.08, Multnomah County, Oregon",OR,Multnomah County,41,51,10408,3,360,925,1145,0.8079,0.0479425554425893,5.81549408053765e-05,63.515358361774744
164151,410510104084,"Block Group 4, Census Tract 104.08, Multnomah County, Oregon",OR,Multnomah County,41,51,10408,4,970,1180,1395,0.8459,0.0365019447854648,5.75843316940431e-05,64.34745030250649
164152,410510104091,"Block Group 1, Census Tract 104.09, Multnomah County, Oregon",OR,Multnomah County,41,51,10409,1,1515,2245,5770,0.3891,0.0761365686723404,0.0001847293092689,65.7513258691809
164153,410510104092,"Block Group 2, Census Tract 104.09, Multnomah County, Oregon",OR,Multnomah County,41,51,10409,2,170,310,1865,0.1662,0.0566238592959737,0.0001615365030546,64.82797226887138
164154,410510104093,"Block Group 3, Census Tract 104.09, Multnomah County, Oregon",OR,Multnomah County,41,51,10409,3,65,95,860,0.1105,0.082476738695575,0.0003346991917066,63.515358361774744
164155,410510104101,"Block Group 1, Census Tract 104.10, Multnomah County, Oregon",OR,Multnomah County,41,51,10410,1,1085,1500,2120,0.7075,0.0409196599745483,8.41320537486266e-05,65.7513258691809
164156,410510104102,"Block Group 2, Census Tract 104.10, Multnomah County, Oregon",OR,Multnomah County,41,51,10410,2,555,950,1595,0.5956,0.0412064908333245,9.49205984080302e-05,64.82797226887138
164157,410510104103,"Block Group 3, Census Tract 104.10, Multnomah County, Oregon",OR,Multnomah County,41,51,10410,3,510,865,1050,0.8238,0.0242000369739972,2.48986972424403e-05,63.515358361774744
164158,410510104111,"Block Group 1, Census Tract 104.11, Multnomah County, Oregon",OR,Multnomah County,41,51,10411,1,690,1215,1605,0.757,0.0344879233063427,5.88330940069531e-05,65.7513258691809
164159,410510104112,"Block Group 2, Census Tract 104.11, Multnomah County, Oregon",OR,Multnomah County,41,51,10411,2,535,825,1540,0.5357,0.0387966002181476,7.52899674411802e-05,64.82797226887138
164160,410510105001,"Block Group 1, Census Tract 105, Multnomah County, Oregon",OR,Multnomah County,41,51,10500,1,70,140,1235,0.1134,0.33338593011856,0.0033931789081941,65.7513258691809
164161,410510105002,"Block Group 2, Census Tract 105, Multnomah County, Oregon",OR,Multnomah County,41,51,10500,2,245,505,1105,0.457,0.233897195840399,0.001578000938952,64.82797226887138
164162,410510105003,"Block Group 3, Census Tract 105, Multnomah County, Oregon",OR,Multnomah County,41,51,10500,3,190,190,520,0.3654,1.41449291285457,0.0434523564953404,63.515358361774744
164163,410510105004,"Block Group 4, Census Tract 105, Multnomah County, Oregon",OR,Multnomah County,41,51,10500,4,185,385,1170,0.3291,0.520873737206813,0.0088606117365531,64.34745030250649
164164,410510106001,"Block Group 1, Census Tract 106, Multnomah County, Oregon",OR,Multnomah County,41,51,10600,1,460,550,595,0.9244,0.0274053331669823,4.17710754874258e-05,65.7513258691809
164165,410510106002,"Block Group 2, Census Tract 106, Multnomah County, Oregon",OR,Multnomah County,41,51,10600,2,900,1015,1365,0.7436,0.0217497786244561,2.31272088684595e-05,64.82797226887138
164166,410510106003,"Block Group 3, Census Tract 106, Multnomah County, Oregon",OR,Multnomah County,41,51,10600,3,340,345,360,0.9583,0.0362155510114443,7.57658750851761e-05,63.515358361774744
164167,410519800001,"Block Group 1, Census Tract 9800, Multnomah County, Oregon",OR,Multnomah County,41,51,980000,1,0,0,0,0.0,0.143356666975583,0.0006537234447726,65.7513258691809
